Sector,Area_sqm,Road_Width_ft,Metro_Dist_km,Airport_Dist_km,Corner_Plot,Facing,Nearby_School,Nearby_Hospital,Commercial_Nearby,Price_INR
Knowledge Park 2,553.38,24,2.65,20.21,No,North,Yes,No,No,20841000
Sector 1,373.41,30,6.53,15.57,Yes,East,Yes,Yes,No,8007000
Alpha 1,108.11,24,1.3,26.69,No,South,No,No,No,4330000
Pari Chowk,507.2,18,0.99,24.5,No,East,No,Yes,Yes,25757000
Omicron 2,409.02,18,2.95,22.56,Yes,West,No,Yes,No,17778000
Sector 1,813.59,24,5.22,16.91,No,South,Yes,No,No,14805000
Delta 1,134.02,30,3.52,19.53,Yes,South,No,Yes,No,4751000
Sector 1,87.03,36,5.38,18.08,No,North,Yes,No,No,2195000
Delta 2,107.54,30,5.21,19.77,No,West,Yes,Yes,No,2627000
Gamma 1,499.7,12,2.34,18.7,Yes,West,No,No,No,18670000
Knowledge Park 2,156.55,60,2.57,18.56,Yes,South,No,Yes,Yes,8169000
Techzone IV,471.57,18,4.22,10.72,No,North,Yes,No,No,10813000
Gamma 2,304.73,18,2.85,22.48,Yes,East,Yes,No,Yes,11242000
Beta 1,355.11,36,2.6,22.17,No,West,Yes,Yes,No,14353000
Delta 2,703.84,60,3.67,19.24,Yes,South,No,Yes,No,25974000
Alpha 2,351.85,30,1.73,26.5,No,South,No,Yes,No,16973000
Gamma 2,125.99,30,2.6,22.3,No,North,Yes,No,No,4435000
Sector 1,123.48,24,5.58,19.84,No,North,Yes,Yes,Yes,3255000
Omicron 2,971.62,30,2.17,23.03,Yes,North,No,Yes,No,40043000
Knowledge Park 2,75.11,12,2.83,20.07,No,North,No,No,No,2361000
Gamma 2,714.85,18,4.41,22.59,Yes,South,Yes,Yes,No,23927000
Beta 2,126.7,36,2.61,20.9,No,West,No,No,Yes,4976000
Omicron 2,194.01,18,2.12,19.25,No,North,Yes,No,Yes,7843000
Alpha 2,288.93,24,2.24,23.3,Yes,South,No,No,No,11852000
Zeta 2,724.89,24,4.87,18.29,No,West,Yes,No,Yes,23369000
Delta 2,414.19,60,4.58,17.74,Yes,North,No,No,Yes,14912000
Techzone IV,411.1,36,5.09,11.98,Yes,East,No,No,No,10353000
Omicron 1,358.13,36,1.48,22.49,No,South,Yes,Yes,No,18263000
Beta 2,481.32,18,2.98,22.73,No,East,Yes,Yes,Yes,22039000
Alpha 1,165.7,24,0.53,22.81,No,North,Yes,Yes,No,9182000
Zeta 2,166.5,60,4.7,17.42,No,West,No,Yes,No,5811000
Delta 1,51.83,18,3.01,20.07,No,South,Yes,No,Yes,1585000
Alpha 1,185.31,30,0.92,27.01,No,East,Yes,Yes,Yes,10485000
Zeta 1,585.48,30,3.0,15.48,No,North,Yes,Yes,Yes,27306000
Delta 1,903.99,24,3.51,17.75,No,South,Yes,No,No,31065000
Zeta 2,379.83,30,5.34,14.55,Yes,West,Yes,No,No,11529000
Sector 2,347.87,18,5.85,14.07,Yes,East,No,No,Yes,7033000
Sector 2,785.91,24,5.37,14.13,No,North,No,No,No,16532000
Omicron 2,167.93,36,2.86,20.0,Yes,East,No,Yes,No,6769000
Sector 3,52.76,30,7.48,10.95,No,East,Yes,Yes,No,755000
Zeta 1,417.96,30,3.16,17.56,No,East,No,No,Yes,14927000
Omicron 1,328.89,12,1.65,22.2,No,East,Yes,Yes,Yes,15222000
Knowledge Park 1,490.95,30,2.02,19.0,No,East,Yes,No,Yes,19056000
Sector 2,180.27,30,5.57,12.89,No,West,Yes,Yes,Yes,3888000
Zeta 1,521.41,60,2.89,15.2,No,South,No,No,No,22518000
Alpha 2,396.23,18,0.9,23.28,No,North,Yes,No,Yes,17824000
Alpha 1,792.55,24,1.65,25.77,No,South,Yes,No,No,39611000
Alpha 1,299.29,30,0.92,27.73,No,East,No,Yes,Yes,15287000
Sector 2,740.56,18,4.92,15.85,Yes,South,No,No,No,13011000
Gamma 1,561.25,24,2.78,18.95,No,East,Yes,No,No,21107000
Gamma 2,836.48,18,3.38,18.28,No,East,No,No,No,22245000
Sector 1,91.33,30,4.18,19.43,No,North,Yes,Yes,No,2812000
Omicron 2,465.55,18,1.61,23.36,Yes,South,Yes,No,No,18729000
Zeta 2,762.36,36,4.43,17.95,No,North,Yes,No,No,20671000
Zeta 1,69.16,18,4.5,16.63,Yes,East,Yes,No,No,2569000
Delta 2,316.66,12,3.88,20.43,No,East,No,No,No,8702000
Alpha 2,533.92,80,2.4,25.35,No,North,No,Yes,Yes,34415000
Ecotech 1,427.47,18,6.6,10.47,No,West,No,Yes,No,6327000
Gamma 2,757.78,36,2.65,22.33,No,East,No,Yes,No,32211000
Zeta 1,567.92,60,4.99,17.7,No,South,No,Yes,No,18767000
Gamma 1,104.5,36,2.61,23.8,No,West,No,Yes,Yes,4149000
Beta 2,357.63,18,3.22,24.1,No,East,Yes,No,No,12677000
Delta 2,601.66,30,4.41,17.48,No,South,Yes,No,Yes,18169000
Zeta 1,485.95,18,4.43,19.25,No,North,Yes,No,No,15625000
Knowledge Park 1,806.15,45,2.49,21.21,No,North,Yes,Yes,No,35004000
Techzone IV,195.67,18,5.06,13.34,No,South,Yes,No,No,3896000
Ecotech 1,643.14,36,5.31,11.04,No,South,No,Yes,No,15309000
Pari Chowk,502.99,24,1.44,29.42,No,West,No,Yes,No,23692000
Knowledge Park 2,480.78,36,2.11,18.22,No,East,No,Yes,No,20061000
Delta 1,289.19,36,5.32,19.27,No,West,Yes,Yes,No,8831000
Sector 3,320.13,18,6.74,15.57,No,West,Yes,No,No,3441000
Delta 1,143.75,12,3.41,16.79,No,West,Yes,No,No,4370000
Techzone IV,361.63,30,6.32,13.77,No,North,Yes,No,Yes,8682000
Omicron 2,112.77,30,2.4,23.28,No,East,Yes,Yes,No,4689000
Zeta 2,344.96,18,4.47,19.89,No,East,No,No,No,7863000
Knowledge Park 2,175.91,24,2.97,19.4,No,West,Yes,No,No,5948000
Pari Chowk,89.87,80,0.46,29.97,Yes,North,Yes,Yes,No,5715000
Gamma 2,492.28,24,4.01,18.51,No,South,Yes,No,No,15228000
Ecotech 1,337.92,24,8.03,12.77,No,North,Yes,Yes,No,4535000
Alpha 1,343.31,12,1.64,24.91,No,South,No,No,No,16886000
Techzone IV,77.78,30,5.07,10.75,No,South,Yes,No,Yes,2150000
Alpha 1,213.05,24,0.7,27.19,Yes,South,Yes,No,No,12422000
Beta 2,116.03,30,1.59,20.61,No,East,No,No,No,5252000
Sector 1,115.74,36,4.82,18.94,No,East,Yes,No,No,2904000
Alpha 1,390.5,30,0.88,27.3,No,North,Yes,No,No,22001000
Gamma 2,54.4,80,3.73,18.92,No,East,Yes,No,Yes,2164000
Sector 3,185.8,24,5.51,11.22,No,West,Yes,No,Yes,3680000
Beta 2,175.91,12,3.02,24.73,No,East,Yes,Yes,Yes,7509000
Sector 1,860.2,24,4.03,15.7,Yes,North,Yes,No,Yes,24798000
Zeta 2,425.61,45,4.05,18.7,No,East,Yes,No,Yes,15949000
Zeta 2,908.13,30,4.38,18.9,No,East,No,No,Yes,31563000
Gamma 1,539.18,24,3.05,22.02,No,North,No,No,No,19611000
Beta 1,278.76,18,2.88,21.09,No,North,Yes,No,No,10090000
Knowledge Park 2,113.86,24,2.27,17.46,No,West,Yes,Yes,Yes,4795000
Techzone IV,784.31,18,4.74,14.61,No,West,No,No,No,14517000
Gamma 1,204.2,36,3.71,19.03,No,North,Yes,No,Yes,6869000
Beta 2,674.41,18,1.51,23.34,No,East,Yes,Yes,No,26873000
Delta 1,164.25,18,5.39,18.9,No,North,Yes,No,No,4511000
Alpha 2,414.13,12,1.47,25.49,Yes,East,Yes,No,No,19262000
Omicron 1,166.99,60,1.86,21.87,No,South,Yes,No,Yes,8916000
Beta 2,167.52,30,2.71,24.68,No,North,Yes,Yes,Yes,8234000
Zeta 2,454.99,30,3.06,15.93,No,North,No,No,No,14044000
Delta 2,82.02,36,5.96,20.05,No,West,Yes,No,No,1763000
Omicron 2,147.82,18,2.45,19.27,No,North,Yes,No,No,5659000
Beta 2,451.2,18,2.16,23.25,No,East,Yes,No,No,15744000
Beta 2,617.35,80,2.18,23.52,No,North,Yes,Yes,Yes,30672000
Techzone IV,996.02,45,4.38,10.08,Yes,South,No,Yes,No,34482000
Alpha 1,107.56,24,0.73,24.8,No,West,Yes,No,Yes,5636000
Omicron 1,314.87,18,1.51,25.84,No,East,No,No,No,13010000
Alpha 1,893.63,24,0.87,24.58,No,East,No,Yes,No,51280000
Gamma 2,880.67,24,2.65,18.53,No,North,Yes,No,No,27680000
Delta 2,698.65,36,4.96,18.02,No,North,No,No,Yes,16043000
Alpha 2,268.48,30,2.2,22.5,No,North,Yes,No,No,13248000
Sector 1,659.28,60,4.69,15.52,No,South,No,No,Yes,19880000
Delta 1,297.3,30,4.97,16.7,No,West,No,No,No,8227000
Delta 1,926.6,45,3.05,16.77,No,South,No,Yes,No,33991000
Sector 1,129.26,24,5.77,15.11,No,West,No,No,No,2388000
Ecotech 1,950.59,30,7.43,11.08,No,North,Yes,Yes,No,19591000
Delta 2,947.22,24,4.13,20.46,No,North,Yes,Yes,No,24842000
Sector 2,925.02,30,5.39,12.63,No,East,Yes,Yes,No,21250000
Alpha 1,643.28,30,0.69,24.58,No,West,Yes,No,No,29806000
Sector 2,142.54,24,5.13,16.87,No,North,Yes,No,Yes,3277000
Zeta 2,297.33,18,4.8,17.79,Yes,West,No,Yes,Yes,8077000
Zeta 2,171.39,45,4.16,17.1,No,North,No,Yes,No,6403000
Sector 1,176.52,18,6.03,19.15,No,East,Yes,Yes,No,3595000
Sector 3,930.67,45,5.81,10.73,No,North,No,Yes,Yes,20668000
Knowledge Park 2,129.98,24,2.45,16.41,No,North,Yes,Yes,No,4971000
Beta 2,250.52,24,2.29,22.3,No,West,No,No,Yes,10203000
Delta 2,967.97,18,5.12,18.32,No,South,No,Yes,No,23711000
Omicron 2,187.72,30,3.17,23.8,No,North,Yes,No,Yes,8710000
Ecotech 1,412.72,18,7.39,13.7,Yes,East,No,No,Yes,5902000
Delta 2,873.81,18,5.96,18.32,No,North,Yes,No,No,19590000
Ecotech 1,570.2,30,7.56,10.19,No,South,Yes,No,No,8453000
Alpha 1,153.55,36,1.02,25.13,No,West,Yes,No,No,6562000
Beta 2,118.22,24,2.09,20.76,Yes,North,Yes,Yes,Yes,6641000
Delta 1,127.12,60,4.14,21.08,No,South,Yes,Yes,No,3819000
Ecotech 1,311.01,24,5.55,12.59,No,South,Yes,No,No,5852000
Gamma 2,866.29,30,4.44,20.79,No,East,No,No,No,23179000
Omicron 2,510.14,18,1.79,25.0,No,South,Yes,No,Yes,18744000
Knowledge Park 2,103.95,12,3.88,21.1,No,West,Yes,Yes,No,3447000
Sector 3,483.93,30,5.25,11.11,No,North,No,No,Yes,8518000
Delta 1,164.96,18,3.98,18.33,No,North,No,Yes,No,4387000
Delta 1,813.36,24,3.23,18.75,No,West,Yes,No,No,22792000
Ecotech 1,131.57,24,5.83,9.58,No,East,Yes,Yes,No,3207000
Sector 2,860.07,36,6.94,15.2,Yes,North,No,No,No,13409000
Gamma 2,74.55,36,4.21,22.64,No,East,Yes,No,No,2060000
Alpha 1,59.7,18,0.7,26.05,No,East,No,No,No,2899000
Knowledge Park 1,157.86,18,2.91,21.82,No,North,No,No,No,5832000
Delta 2,191.76,18,5.33,16.2,Yes,North,Yes,Yes,No,4840000
Zeta 2,514.63,60,4.85,14.52,No,South,Yes,Yes,Yes,20727000
Alpha 1,774.55,30,1.03,23.35,No,North,No,Yes,No,42194000
Zeta 2,327.3,36,5.29,16.16,No,North,No,Yes,No,9208000
Knowledge Park 2,451.45,24,2.5,17.0,No,East,No,No,Yes,17455000
Beta 1,862.88,24,2.81,25.08,No,East,No,No,No,30232000
Gamma 1,188.27,24,2.3,21.72,No,East,No,No,No,7785000
Knowledge Park 1,189.5,30,1.99,21.31,No,East,No,No,Yes,7442000
Omicron 1,486.26,18,1.88,21.9,No,North,No,Yes,Yes,22603000
Sector 1,59.49,30,6.33,19.17,No,East,No,No,No,990000
Zeta 1,757.98,30,4.6,20.62,No,North,Yes,No,No,23316000
Techzone IV,154.47,36,4.77,12.95,No,North,Yes,No,No,3936000
Delta 2,463.85,24,4.55,19.9,No,West,Yes,No,Yes,12930000
Alpha 2,241.66,18,1.18,22.64,No,West,Yes,Yes,No,11876000
Sector 3,996.74,30,6.01,10.62,No,East,No,Yes,No,18239000
Gamma 2,84.7,30,3.05,19.41,No,North,No,No,No,3322000
Omicron 1,88.35,18,1.18,20.54,Yes,North,No,Yes,Yes,4582000
Techzone IV,264.06,60,4.8,12.46,No,North,No,No,No,8647000
Beta 2,188.17,24,2.61,23.6,No,West,No,No,Yes,7408000
Techzone IV,384.45,18,4.28,10.68,No,East,No,Yes,No,10508000
Delta 2,418.38,30,5.36,20.17,No,North,No,Yes,No,11017000
Delta 1,195.74,24,4.76,21.81,No,West,No,No,No,4254000
Delta 1,72.96,12,4.05,19.36,Yes,South,No,Yes,No,2353000
Pari Chowk,313.69,36,0.76,27.85,No,West,Yes,No,Yes,17968000
Sector 1,953.02,24,5.54,16.9,No,West,Yes,No,Yes,18083000
Zeta 2,374.9,30,3.85,16.87,No,South,Yes,Yes,Yes,12198000
Alpha 2,324.64,80,1.21,24.65,No,East,No,No,Yes,19763000
Techzone IV,111.85,36,5.4,15.3,No,East,No,No,No,2236000
Alpha 2,151.89,12,1.38,23.35,No,East,Yes,No,Yes,7130000
Delta 2,945.01,80,4.42,19.05,No,East,No,Yes,No,33366000
Zeta 1,650.42,12,4.2,18.93,No,West,Yes,Yes,No,19427000
Sector 1,189.67,24,4.14,15.12,No,West,No,Yes,Yes,5295000
Sector 3,477.59,18,7.15,14.08,No,North,Yes,Yes,Yes,7414000
Pari Chowk,328.28,24,0.46,27.29,Yes,North,Yes,No,Yes,22209000
Omicron 1,321.8,36,1.46,25.74,Yes,East,Yes,Yes,No,17856000
Sector 2,924.78,18,4.74,12.94,No,South,No,No,No,17752000
Alpha 1,600.06,45,0.65,22.76,No,East,No,Yes,No,33873000
Sector 2,263.38,30,6.06,16.09,No,North,Yes,No,No,5556000
Zeta 1,68.96,24,2.64,15.66,No,South,Yes,No,No,2444000
Beta 2,191.77,45,3.19,21.48,No,North,No,No,Yes,8437000
Zeta 1,471.56,24,3.6,15.42,No,East,No,Yes,No,14203000
Delta 2,587.21,30,5.04,16.2,No,East,No,No,Yes,13281000
Gamma 1,692.95,36,2.27,18.66,No,East,No,No,No,29219000
Gamma 1,53.47,30,3.34,18.96,Yes,East,Yes,Yes,Yes,2274000
Pari Chowk,254.93,30,0.39,29.99,No,West,Yes,Yes,Yes,15103000
Delta 1,271.28,24,3.11,20.71,No,South,No,Yes,Yes,9992000
Sector 1,52.2,12,5.28,16.65,No,South,No,No,Yes,1172000
Zeta 2,730.51,24,5.07,17.64,No,North,Yes,No,No,22883000
Pari Chowk,108.51,24,0.35,29.91,No,North,No,No,No,6065000
Techzone IV,104.55,24,5.5,10.94,No,North,No,No,No,2138000
Pari Chowk,523.22,30,1.3,28.51,No,East,No,No,No,29294000
Sector 2,167.42,30,6.47,17.39,No,South,Yes,No,No,2407000
Sector 3,98.37,30,5.12,12.32,No,North,Yes,Yes,No,2370000
Beta 2,199.71,18,1.75,22.83,No,South,Yes,Yes,Yes,9582000
Omicron 2,147.85,30,2.62,22.75,Yes,West,No,Yes,No,5515000
Beta 2,236.85,18,2.21,20.96,No,West,Yes,No,Yes,8266000
Knowledge Park 2,337.04,36,3.52,17.78,No,North,Yes,No,Yes,14161000
Omicron 2,872.12,12,2.17,23.07,Yes,North,Yes,No,No,40946000
Gamma 1,638.99,24,3.54,18.01,No,North,No,No,Yes,22536000
Omicron 1,835.44,18,2.44,24.62,No,East,No,Yes,No,39213000
Beta 2,393.41,30,3.36,24.21,No,South,No,No,No,12646000
Omicron 1,147.56,24,1.24,25.61,No,West,Yes,No,Yes,6421000
Sector 1,749.73,12,4.06,18.32,No,East,No,No,Yes,19127000
Omicron 2,908.35,24,2.84,22.8,No,West,No,No,No,31505000
Pari Chowk,804.35,30,0.26,26.9,Yes,West,No,Yes,Yes,53000000
Zeta 1,371.6,24,3.45,20.33,No,East,No,Yes,No,13505000
Knowledge Park 1,927.73,30,3.14,19.06,Yes,North,No,No,Yes,35169000
Alpha 1,466.74,60,1.92,25.66,No,East,No,Yes,No,26632000
Gamma 2,999.18,36,3.41,21.03,No,West,Yes,Yes,Yes,37226000
Gamma 2,663.15,12,3.83,19.62,No,West,Yes,No,No,20800000
Zeta 2,310.75,36,4.74,18.59,No,East,Yes,Yes,No,11337000
Sector 1,468.12,18,6.27,17.84,Yes,South,No,No,Yes,9743000
Delta 1,151.11,18,3.38,19.28,No,West,Yes,No,No,4351000
Ecotech 1,487.49,30,8.26,9.42,No,West,No,Yes,Yes,6836000
Beta 2,360.14,36,2.6,23.4,No,East,Yes,Yes,No,13682000
Delta 2,176.29,30,4.3,17.73,No,South,Yes,Yes,No,5017000
Omicron 1,614.77,80,2.59,23.96,No,West,Yes,No,No,29434000
Omicron 2,766.34,12,1.99,24.29,No,East,No,Yes,Yes,32392000
Knowledge Park 2,518.84,12,3.5,20.55,No,North,No,Yes,Yes,15730000
Delta 2,142.34,45,5.49,19.29,No,West,No,No,No,3480000
Beta 1,163.21,12,1.37,23.99,No,West,No,Yes,Yes,6635000
Sector 3,144.63,18,7.43,10.81,No,West,Yes,No,No,1593000
Sector 1,497.98,18,6.69,15.54,No,North,No,No,No,7029000
Zeta 2,286.77,45,4.15,17.82,No,West,No,No,Yes,9275000
Knowledge Park 1,966.42,12,3.46,22.88,No,North,No,No,Yes,29545000
Omicron 2,184.11,12,1.57,22.72,No,North,No,Yes,No,7226000
Zeta 2,194.98,24,3.32,16.62,No,East,Yes,No,No,6112000
Knowledge Park 1,847.54,30,1.53,19.03,No,North,Yes,No,Yes,43593000
Gamma 2,101.3,36,4.38,21.95,Yes,North,Yes,No,No,4043000
Knowledge Park 1,768.8,24,2.33,19.82,No,North,Yes,No,No,28842000
Knowledge Park 1,535.26,30,2.13,21.21,No,North,Yes,No,Yes,20430000
Omicron 2,205.57,60,2.52,24.48,No,West,Yes,Yes,No,9204000
Omicron 1,222.31,12,1.18,21.03,No,North,Yes,Yes,No,9272000
Omicron 1,425.31,18,2.31,20.24,No,West,No,Yes,No,15649000
Omicron 1,297.49,45,1.04,25.25,No,West,No,No,Yes,15631000
Beta 1,144.82,18,2.77,21.65,Yes,North,No,Yes,No,5743000
Sector 3,60.36,24,5.45,11.83,No,West,Yes,Yes,No,1302000
Beta 1,968.46,45,1.42,21.37,No,North,No,Yes,Yes,51941000
Zeta 1,703.09,18,4.25,20.56,No,North,No,No,Yes,22761000
Omicron 1,346.02,36,2.83,24.54,No,North,Yes,Yes,No,18333000
Techzone IV,318.31,18,4.84,10.45,No,North,No,No,No,8449000
Beta 2,368.56,24,1.68,21.1,No,East,No,No,No,14636000
Ecotech 1,149.78,18,6.76,8.12,No,East,Yes,Yes,No,2880000
Zeta 2,122.75,18,4.8,15.63,No,West,Yes,No,No,3047000
Omicron 2,485.5,30,2.0,21.68,Yes,North,Yes,Yes,No,22337000
Beta 1,432.91,12,2.24,22.13,No,North,No,No,No,14931000
Sector 1,238.89,18,6.55,17.7,Yes,North,No,No,No,3857000
Delta 2,898.95,45,4.11,16.48,No,East,Yes,No,No,30723000
Beta 2,100.34,24,2.72,21.07,No,North,No,No,Yes,3469000
Alpha 1,305.74,24,1.75,23.59,No,East,No,No,Yes,15628000
Alpha 2,199.39,24,2.21,22.85,Yes,North,Yes,No,No,11305000
Zeta 2,421.67,24,4.75,19.13,No,West,Yes,Yes,No,13471000
Ecotech 1,928.84,24,5.69,10.63,No,South,No,No,Yes,16482000
Beta 2,830.02,18,2.39,24.15,No,South,No,Yes,No,34224000
Sector 2,749.86,30,5.48,16.92,Yes,South,Yes,No,Yes,19463000
Omicron 2,329.84,18,3.29,22.82,No,West,No,No,Yes,12954000
Sector 3,455.56,45,7.88,15.36,No,East,No,No,Yes,6117000
Zeta 2,667.89,12,4.69,16.86,Yes,South,Yes,No,No,19226000
Alpha 2,319.13,18,1.5,23.12,No,South,No,No,Yes,15505000
Pari Chowk,209.43,12,0.77,25.35,No,South,No,Yes,No,11299000
Knowledge Park 2,357.31,36,3.61,16.1,Yes,East,Yes,No,No,15902000
Alpha 2,126.83,30,1.24,26.0,No,East,Yes,No,No,5599000
Pari Chowk,464.72,24,0.38,25.28,Yes,East,No,No,No,23989000
Zeta 2,438.46,18,4.79,16.37,No,South,No,No,No,12187000
Sector 1,630.51,18,6.13,17.2,Yes,North,No,Yes,No,12092000
Knowledge Park 1,109.35,36,2.29,21.96,No,North,Yes,Yes,No,4581000
Sector 3,98.32,12,5.19,13.21,No,East,Yes,No,Yes,1591000
Gamma 2,60.9,36,2.99,20.25,Yes,West,No,Yes,No,2399000
Omicron 2,253.64,24,2.09,20.97,No,East,No,No,Yes,10701000
Knowledge Park 1,363.46,24,1.63,21.6,No,East,No,No,No,12872000
Techzone IV,873.17,12,5.47,12.73,No,North,Yes,No,No,19916000
Sector 2,494.12,18,4.78,15.46,No,South,Yes,No,No,10582000
Sector 2,813.87,12,5.07,16.14,Yes,South,No,No,No,15172000
Omicron 1,312.73,45,1.38,24.84,Yes,North,Yes,No,Yes,19443000
Sector 3,52.18,30,5.94,13.12,No,North,No,No,No,925000
Omicron 2,460.99,24,3.01,22.63,No,North,Yes,Yes,No,21933000
Knowledge Park 2,381.23,24,3.34,17.3,No,West,No,No,No,10319000
Knowledge Park 1,70.34,30,2.12,18.89,Yes,East,No,Yes,No,3229000
Delta 2,129.92,30,4.19,20.12,Yes,East,Yes,Yes,No,4550000
Zeta 1,399.67,45,2.82,17.36,No,West,Yes,No,No,16628000
Omicron 2,670.31,80,1.69,22.54,No,East,No,Yes,No,32654000
Zeta 1,170.45,24,2.56,19.3,Yes,East,Yes,Yes,No,8141000
Zeta 2,351.63,12,3.48,16.85,No,South,Yes,No,No,9942000
Gamma 1,916.07,24,2.25,18.86,No,West,Yes,Yes,No,38067000
Alpha 2,528.16,80,1.91,25.71,Yes,North,No,No,No,27811000
Knowledge Park 2,504.61,45,3.43,18.56,Yes,North,Yes,No,Yes,20614000
Alpha 2,799.08,18,0.92,22.85,No,South,No,Yes,Yes,40638000
Techzone IV,723.0,24,4.26,15.15,No,West,Yes,No,Yes,17859000
Sector 3,897.3,24,5.19,13.59,No,North,No,No,No,15503000
Delta 2,526.47,36,4.73,20.11,No,West,No,No,No,12504000
Knowledge Park 2,648.44,18,3.78,16.19,No,North,No,Yes,No,18797000
Sector 3,623.03,24,7.9,13.56,No,North,Yes,No,No,6662000
Pari Chowk,683.43,18,1.3,26.48,No,West,Yes,No,Yes,30834000
Omicron 2,699.89,24,2.82,23.13,No,North,Yes,No,No,31570000
Knowledge Park 1,154.29,18,2.0,17.38,No,East,No,No,Yes,7055000
Delta 2,270.66,36,5.95,19.98,No,North,No,No,No,5397000
Gamma 1,203.81,60,2.02,18.29,Yes,North,Yes,No,No,11742000
Knowledge Park 2,72.47,30,3.43,17.76,No,South,Yes,No,No,2239000
Sector 2,963.85,18,6.64,15.41,No,North,Yes,Yes,Yes,19016000
Techzone IV,491.85,36,4.85,11.56,No,East,Yes,No,No,13422000
Alpha 2,480.32,80,1.6,22.91,No,East,No,No,No,23901000
Zeta 2,179.44,30,5.26,14.07,No,South,No,Yes,Yes,5569000
Sector 1,53.78,18,5.28,14.23,Yes,East,Yes,Yes,No,1158000
Alpha 1,180.17,24,0.83,26.27,No,South,Yes,No,Yes,9210000
Pari Chowk,81.75,45,0.76,28.49,No,East,Yes,No,No,4308000
Ecotech 1,115.68,18,5.72,9.48,No,East,No,Yes,No,2279000
Ecotech 1,91.46,30,6.72,11.8,No,South,No,No,Yes,1410000
Gamma 2,809.74,60,3.2,20.23,No,South,Yes,No,Yes,34408000
Alpha 1,447.24,30,0.63,26.16,Yes,East,Yes,Yes,Yes,29778000
Alpha 2,567.88,36,1.86,23.35,No,North,No,Yes,No,28851000
Zeta 2,168.0,18,3.06,14.24,No,North,No,Yes,Yes,6644000
Alpha 2,410.71,30,1.2,26.4,No,West,Yes,No,No,16482000
Alpha 1,143.45,30,1.95,23.3,No,South,Yes,Yes,No,6520000
Sector 1,133.8,18,6.79,17.32,No,East,Yes,No,Yes,2196000
Gamma 2,153.29,60,4.32,22.73,No,North,Yes,No,No,6072000
Zeta 2,226.22,24,4.93,16.61,No,South,No,No,No,6555000
Zeta 2,200.53,18,4.37,16.09,No,South,Yes,No,Yes,6057000
Ecotech 1,113.92,36,8.11,11.12,No,East,No,No,No,1297000
Delta 1,194.85,30,3.31,19.48,No,South,No,No,Yes,6133000
Beta 1,384.34,45,1.71,24.54,No,North,Yes,Yes,No,21560000
Ecotech 1,882.21,24,8.44,12.7,No,South,Yes,Yes,No,10468000
Alpha 2,141.91,60,1.55,26.9,No,North,No,No,No,8314000
Delta 1,85.51,18,3.12,17.54,Yes,North,Yes,No,No,3260000
Ecotech 1,987.61,24,5.05,13.65,No,South,Yes,Yes,Yes,26277000
Delta 1,112.27,24,3.81,20.38,No,West,Yes,Yes,No,3666000
Omicron 1,706.0,30,2.23,22.74,No,South,Yes,No,Yes,29377000
Beta 2,237.84,24,2.05,22.75,Yes,West,Yes,No,Yes,11417000
Techzone IV,339.06,30,4.14,15.02,No,East,No,Yes,Yes,9537000
Pari Chowk,750.77,60,1.33,26.9,No,North,Yes,Yes,No,49758000
Gamma 1,820.18,24,3.87,22.97,No,East,Yes,No,No,28900000
Sector 2,390.77,18,5.58,13.38,No,East,No,Yes,No,7585000
Omicron 2,455.66,12,2.14,24.07,Yes,West,Yes,Yes,No,20371000
Knowledge Park 2,98.53,30,2.76,21.47,No,North,Yes,No,No,3265000
Knowledge Park 1,106.03,24,2.59,17.25,No,South,Yes,Yes,Yes,4552000
Gamma 1,704.56,24,3.93,20.09,No,East,No,No,No,19089000
Omicron 2,139.25,30,2.35,22.91,No,North,Yes,No,Yes,6583000
Beta 1,846.11,12,2.86,20.4,No,South,Yes,No,No,35122000
Sector 2,82.1,30,4.5,17.36,No,North,No,No,No,1678000
Omicron 2,765.16,30,2.12,21.09,No,West,No,Yes,Yes,31065000
Zeta 1,229.23,18,2.74,18.46,No,North,Yes,Yes,No,9457000
Zeta 2,565.43,24,3.24,16.57,No,South,No,No,No,18910000
Sector 1,221.21,30,4.02,17.05,Yes,West,No,Yes,No,5811000
Zeta 1,863.71,24,4.17,20.35,No,East,No,Yes,Yes,29007000
Delta 1,783.69,30,4.38,17.3,No,North,No,No,No,21178000
Gamma 1,451.7,12,2.75,21.76,No,West,No,Yes,Yes,16760000
Zeta 1,108.4,36,4.74,20.08,Yes,West,Yes,Yes,Yes,3973000
Pari Chowk,404.2,60,1.02,25.56,No,East,No,Yes,Yes,29467000
Gamma 1,83.81,12,3.07,19.4,No,South,Yes,No,No,2871000
Techzone IV,174.39,36,5.97,11.7,No,East,Yes,No,Yes,3921000
Pari Chowk,129.81,18,0.34,27.9,No,West,Yes,No,No,6356000
Sector 1,158.21,30,6.79,14.92,Yes,South,No,Yes,Yes,3520000
Zeta 1,603.86,24,3.33,19.38,No,North,No,No,No,20627000
Ecotech 1,362.11,12,6.07,11.93,No,North,No,No,No,5476000
Knowledge Park 2,74.06,18,2.25,18.02,No,South,Yes,No,No,2389000
Alpha 1,154.75,60,1.33,23.83,No,South,No,No,No,8108000
Beta 2,750.99,12,3.28,23.33,No,East,Yes,Yes,No,26122000
Omicron 1,769.16,18,1.23,22.49,Yes,North,Yes,No,Yes,38630000
Ecotech 1,335.5,24,6.42,11.9,No,West,No,No,No,5256000
Sector 2,515.52,12,4.51,17.81,Yes,North,Yes,No,No,12219000
Omicron 1,328.99,30,1.58,22.52,No,West,No,Yes,No,12767000
Zeta 2,122.59,30,4.91,15.21,No,East,Yes,Yes,Yes,3627000
Delta 2,155.7,30,4.83,18.57,No,North,Yes,Yes,No,3767000
Knowledge Park 2,191.01,24,3.21,17.95,No,East,Yes,Yes,No,6124000
Techzone IV,520.71,60,6.22,13.14,No,South,Yes,No,No,11994000
Techzone IV,568.02,30,4.39,13.9,Yes,North,Yes,No,Yes,16145000
Knowledge Park 1,373.47,36,1.56,20.79,No,North,Yes,Yes,No,16091000
Delta 2,955.11,30,4.75,17.36,Yes,East,No,No,No,22870000
Sector 1,617.0,18,6.45,16.27,Yes,South,No,No,No,9190000
Sector 1,169.01,12,6.71,14.27,No,East,Yes,No,No,2460000
Alpha 1,189.62,60,1.84,25.91,No,East,No,No,Yes,10606000
Delta 2,645.39,12,3.6,18.4,No,North,Yes,Yes,No,17551000
Sector 3,357.03,30,5.07,10.7,Yes,North,Yes,No,No,8683000
Knowledge Park 1,303.75,30,2.42,20.42,No,East,No,Yes,Yes,11723000
Delta 2,99.95,24,4.22,17.43,No,South,Yes,Yes,Yes,2853000
Beta 2,763.19,24,1.59,22.72,No,South,No,No,No,29539000
Ecotech 1,423.26,30,8.1,10.56,No,West,Yes,Yes,Yes,8390000
Alpha 1,74.79,12,1.59,25.94,No,South,No,Yes,No,3203000
Delta 2,312.14,24,4.65,16.06,No,South,No,No,No,8231000
Zeta 1,92.09,24,3.5,18.22,No,South,Yes,No,No,2801000
Delta 1,544.22,18,3.72,19.1,No,North,No,Yes,Yes,16725000
Knowledge Park 2,668.9,45,3.56,16.24,No,North,Yes,No,Yes,26704000
Gamma 1,966.2,12,3.95,19.16,No,East,Yes,Yes,No,31593000
Zeta 2,677.18,24,4.6,19.72,Yes,South,No,No,Yes,17554000
Zeta 2,260.24,36,5.34,19.46,No,West,Yes,Yes,Yes,7649000
Delta 1,62.89,18,3.23,20.5,Yes,South,Yes,Yes,Yes,1963000
Ecotech 1,406.42,30,7.5,8.41,No,North,No,No,No,5332000
Alpha 2,846.53,18,2.31,23.38,No,West,No,Yes,No,32927000
Sector 2,784.96,80,7.39,17.87,No,West,No,Yes,No,18624000
Knowledge Park 2,58.3,12,3.0,19.5,No,North,Yes,No,Yes,2324000
Gamma 2,653.51,30,2.79,22.12,No,East,Yes,No,Yes,20757000
Knowledge Park 2,884.5,12,3.62,21.86,No,North,No,No,No,29246000
Delta 1,195.68,18,3.63,18.44,No,East,Yes,Yes,Yes,6548000
Zeta 2,116.5,36,3.91,19.05,No,West,No,Yes,Yes,3589000
Gamma 2,942.72,30,3.28,20.52,No,West,Yes,Yes,No,32004000
Omicron 2,939.29,30,3.41,20.2,Yes,West,Yes,No,No,33145000
Alpha 1,102.26,30,1.86,27.53,No,East,Yes,No,No,4403000
Pari Chowk,180.29,24,1.4,28.26,No,East,Yes,No,No,9103000
Beta 2,99.58,18,1.83,23.09,No,East,No,No,No,3395000
Delta 1,334.73,45,3.79,21.11,Yes,North,No,Yes,Yes,13586000
Zeta 2,731.03,18,5.14,19.3,No,North,Yes,No,No,17445000
Techzone IV,124.5,18,5.28,13.52,No,South,No,Yes,No,2383000
Delta 2,106.1,24,4.32,18.12,No,West,Yes,No,No,2691000
Delta 1,775.58,18,4.64,17.7,Yes,North,No,No,Yes,24914000
Omicron 1,203.14,30,1.17,22.7,No,East,Yes,No,Yes,9939000
Beta 2,877.12,18,2.87,21.76,No,North,Yes,Yes,No,34176000
Knowledge Park 2,701.19,30,3.32,16.7,No,North,No,Yes,No,29033000
Sector 1,141.44,30,4.03,18.57,No,South,Yes,No,No,3312000
Sector 2,730.47,18,6.26,14.66,Yes,South,No,No,No,11840000
Zeta 2,112.84,30,3.63,19.24,Yes,North,No,No,No,3732000
Omicron 2,106.92,24,3.09,21.16,No,East,No,Yes,Yes,4573000
Alpha 1,478.97,60,1.19,23.43,No,East,Yes,No,No,29680000
Sector 2,394.95,24,6.41,14.1,No,North,Yes,No,No,6159000
Gamma 2,206.41,30,4.03,22.65,Yes,West,Yes,No,No,7405000
Beta 1,306.15,24,2.48,24.89,No,East,Yes,No,No,13864000
Alpha 2,869.61,18,2.25,24.29,Yes,South,Yes,No,No,37731000
Beta 1,156.01,18,1.32,21.5,No,East,No,No,Yes,7260000
Techzone IV,953.14,45,5.32,14.02,No,North,Yes,No,Yes,24171000
Pari Chowk,141.48,24,1.19,28.18,Yes,West,Yes,Yes,No,8593000
Alpha 2,468.75,12,2.06,23.59,No,South,Yes,No,No,18613000
Pari Chowk,792.49,12,0.36,27.0,No,North,Yes,No,No,38358000
Delta 2,132.38,30,4.5,19.23,No,West,No,Yes,Yes,4070000
Omicron 1,69.55,24,1.99,22.34,No,North,Yes,No,No,3054000
Beta 2,359.65,12,1.68,22.17,No,East,Yes,No,No,13553000
Techzone IV,232.74,80,4.66,11.63,No,West,Yes,Yes,No,6897000
Alpha 2,372.9,80,1.36,25.74,No,West,No,Yes,Yes,20228000
Sector 2,525.65,80,5.92,12.4,Yes,North,No,No,Yes,15335000
Ecotech 1,134.18,80,5.93,12.03,Yes,North,Yes,No,No,4514000
Alpha 1,594.71,80,0.85,22.32,Yes,North,Yes,No,Yes,40109000
Pari Chowk,396.21,18,1.47,27.87,No,South,No,No,No,22540000
Sector 2,884.9,30,5.54,16.03,No,West,Yes,No,Yes,21187000
Omicron 1,174.05,18,2.84,21.03,Yes,South,No,Yes,Yes,9105000
Zeta 1,416.85,24,3.36,17.23,No,North,No,No,No,15024000
Beta 1,117.66,24,2.3,24.36,No,North,Yes,No,No,4907000
Sector 3,112.65,45,5.96,13.52,Yes,North,Yes,Yes,No,2477000
Ecotech 1,843.04,45,7.37,11.28,No,South,Yes,No,No,14733000
Pari Chowk,806.54,30,0.3,28.74,No,West,Yes,Yes,No,51033000
Gamma 1,438.73,45,3.11,23.81,No,North,No,No,Yes,17867000
Sector 3,522.31,36,7.11,13.54,No,West,No,No,No,6626000
Pari Chowk,635.52,24,1.38,29.89,No,North,Yes,Yes,Yes,42161000
Gamma 2,292.11,36,4.45,22.37,No,North,Yes,No,Yes,9137000
Gamma 2,130.21,24,2.64,20.99,No,East,Yes,No,No,4685000
Omicron 2,810.25,60,1.78,21.44,No,North,No,No,No,34322000
Omicron 2,745.8,30,2.45,24.13,No,West,Yes,Yes,No,31592000
Zeta 1,97.15,24,3.59,15.79,No,West,No,Yes,No,2782000
Zeta 2,65.19,30,3.71,16.27,Yes,East,Yes,No,Yes,2302000
Omicron 1,214.72,24,1.48,23.54,No,South,Yes,Yes,No,9624000
Techzone IV,177.21,36,5.59,15.43,No,South,Yes,No,Yes,4495000
Omicron 2,536.89,36,3.34,22.9,Yes,South,No,No,Yes,19331000
Gamma 1,495.81,12,3.19,22.22,Yes,North,No,No,Yes,19577000
Zeta 1,237.71,12,4.51,20.68,Yes,North,Yes,Yes,No,8542000
Beta 1,114.98,36,1.15,20.54,No,South,No,No,Yes,5542000
Sector 1,179.54,24,4.49,18.41,No,North,No,No,No,4154000
Omicron 2,401.91,36,1.61,21.88,No,North,Yes,Yes,No,21746000
Omicron 2,188.03,18,2.05,21.59,No,North,Yes,Yes,No,7275000
Knowledge Park 1,772.75,45,2.17,20.69,No,West,Yes,No,Yes,37656000
Alpha 1,441.63,18,1.45,25.49,Yes,North,Yes,Yes,Yes,23688000
Sector 1,975.05,24,4.32,15.51,No,East,Yes,No,Yes,22711000
Omicron 2,613.66,24,3.32,19.17,No,West,Yes,No,No,20650000
Gamma 2,859.96,24,4.07,21.73,No,East,Yes,Yes,No,23865000
Alpha 1,394.85,30,1.05,26.43,No,North,No,Yes,No,20324000
Beta 2,928.43,18,1.92,20.44,Yes,East,No,Yes,Yes,44105000
Sector 3,149.29,12,6.45,15.37,Yes,South,Yes,No,No,1856000
Gamma 1,630.33,18,2.62,19.92,No,East,Yes,Yes,Yes,25745000
Omicron 2,640.31,36,3.46,20.95,No,South,No,Yes,No,24269000
Knowledge Park 1,690.15,24,1.94,21.79,No,North,Yes,No,Yes,26425000
Knowledge Park 1,902.12,12,1.66,18.87,Yes,North,No,No,Yes,35699000
Omicron 2,146.3,45,2.51,21.79,No,South,Yes,No,No,6744000
Alpha 2,387.27,24,2.44,24.69,No,North,No,No,Yes,19946000
Gamma 1,744.25,30,2.1,20.98,No,South,No,Yes,Yes,32606000
Sector 3,106.72,12,6.62,14.25,No,East,No,Yes,No,1166000
Techzone IV,68.67,36,5.63,13.69,No,West,Yes,No,No,1538000
Techzone IV,660.97,24,5.09,11.52,No,East,No,No,No,16161000
Gamma 1,372.68,18,2.61,23.85,No,East,Yes,No,No,13967000
Gamma 2,191.59,30,4.04,20.23,No,East,Yes,Yes,No,5587000
Beta 2,911.52,36,2.58,20.39,Yes,North,Yes,No,No,45722000
Pari Chowk,177.12,30,0.23,26.51,No,South,No,Yes,No,8494000
Sector 2,94.57,36,5.41,13.87,Yes,North,No,Yes,No,2211000
Gamma 2,61.16,60,4.42,20.61,No,East,Yes,No,No,1992000
Knowledge Park 2,689.11,30,3.38,18.3,No,East,Yes,Yes,No,28190000
Alpha 1,535.42,24,1.01,23.51,No,North,Yes,No,No,28066000
Ecotech 1,478.87,12,7.94,10.69,No,North,No,No,No,5132000
Knowledge Park 2,380.95,24,2.95,21.13,No,West,Yes,No,No,11580000
Pari Chowk,980.01,30,1.44,28.77,Yes,South,Yes,Yes,No,64840000
Sector 3,70.37,24,6.26,14.43,No,North,Yes,Yes,Yes,1226000
Gamma 2,63.44,12,4.15,18.64,No,East,Yes,No,No,1848000
Knowledge Park 1,953.78,45,2.85,20.8,Yes,East,Yes,Yes,No,43132000
Zeta 1,450.65,60,2.77,20.37,No,North,No,No,No,18716000
Delta 1,224.01,24,4.55,19.98,No,North,Yes,No,Yes,7578000
Beta 1,182.11,36,1.48,21.01,No,East,No,Yes,No,8523000
Omicron 2,236.19,24,2.4,24.88,No,South,Yes,Yes,No,9919000
Ecotech 1,324.19,30,7.26,11.36,Yes,West,No,No,No,5342000
Pari Chowk,151.12,24,0.81,25.61,Yes,South,Yes,No,Yes,9335000
Zeta 2,752.66,18,3.37,17.92,No,East,Yes,No,No,25903000
Alpha 1,859.13,36,1.23,27.39,No,North,No,No,No,39749000
Pari Chowk,73.66,18,1.27,27.65,No,West,Yes,No,No,4198000
Gamma 2,329.47,12,3.64,22.42,Yes,South,No,Yes,No,12143000
Knowledge Park 1,237.57,45,1.94,17.92,No,West,Yes,No,Yes,10075000
Gamma 2,410.36,18,3.15,18.1,No,North,No,Yes,Yes,14690000
Zeta 1,211.33,30,4.69,15.25,No,East,Yes,Yes,Yes,6707000
Zeta 2,979.96,18,5.5,15.05,Yes,North,No,Yes,No,31799000
Alpha 1,129.12,45,1.48,26.64,No,North,No,Yes,No,6138000
Zeta 1,842.47,24,3.23,15.08,Yes,East,No,No,No,32671000
Omicron 1,730.91,36,1.93,20.46,Yes,North,Yes,Yes,Yes,46888000
Delta 2,475.34,30,4.72,18.59,No,West,No,Yes,Yes,14243000
Techzone IV,335.64,80,4.55,10.62,No,South,Yes,No,Yes,13468000
Alpha 1,181.66,24,1.68,24.68,No,East,Yes,Yes,No,10381000
Knowledge Park 1,163.44,24,1.89,18.22,Yes,South,No,No,No,7163000
Ecotech 1,322.86,80,6.27,8.37,No,West,No,No,No,9199000
Delta 2,132.88,45,3.94,19.46,No,West,No,No,No,4090000
Beta 2,964.85,24,3.16,21.75,No,North,Yes,No,No,39857000
Delta 1,219.76,36,4.1,16.11,Yes,East,No,No,Yes,6850000
Delta 2,95.95,24,5.5,17.75,No,East,Yes,No,No,2052000
Techzone IV,305.67,36,5.53,12.24,No,North,Yes,Yes,No,8649000
Techzone IV,422.95,12,6.15,15.52,No,East,Yes,No,Yes,8070000
Alpha 1,114.46,24,1.83,23.33,No,West,No,No,No,5069000
Gamma 2,939.47,30,3.03,18.08,No,North,No,No,No,30614000
Delta 1,317.58,36,3.67,16.94,No,North,No,No,Yes,10014000
Omicron 2,174.89,30,2.29,24.37,No,North,No,Yes,No,7154000
Knowledge Park 2,166.7,18,2.81,21.96,No,East,Yes,Yes,No,6719000
Gamma 1,119.41,24,2.85,22.93,Yes,South,No,No,Yes,4093000
Alpha 1,424.9,30,1.85,27.56,No,North,No,Yes,No,18914000
Sector 2,155.29,30,6.24,17.94,No,South,No,Yes,Yes,3067000
Alpha 2,159.53,30,1.57,24.17,Yes,North,No,No,Yes,7584000
Delta 1,184.36,45,3.02,19.06,No,North,Yes,Yes,No,6655000
Sector 2,917.66,18,6.04,14.92,No,West,No,No,Yes,13045000
Omicron 2,70.23,36,2.24,20.04,Yes,South,Yes,Yes,No,2901000
Knowledge Park 2,115.98,12,3.16,16.5,Yes,South,Yes,Yes,Yes,4001000
Ecotech 1,994.84,18,7.28,13.43,Yes,North,No,No,Yes,15434000
Beta 1,98.88,30,2.4,22.23,Yes,East,Yes,No,Yes,4887000
Knowledge Park 2,275.89,30,2.92,21.61,No,South,No,No,Yes,11207000
Delta 1,78.14,12,3.56,16.79,No,West,Yes,Yes,Yes,2144000
Beta 2,597.63,45,3.06,20.1,No,East,Yes,No,No,21540000
Omicron 2,867.23,24,2.9,25.0,No,East,No,Yes,No,37528000
Techzone IV,262.74,30,5.72,11.95,Yes,West,Yes,Yes,No,5861000
Gamma 1,292.53,80,2.58,23.77,No,South,Yes,No,Yes,13675000
Sector 3,167.16,12,7.19,11.79,No,North,No,No,No,1560000
Zeta 2,228.46,18,4.89,18.65,No,West,No,Yes,Yes,6975000
Knowledge Park 1,174.18,18,1.92,21.13,No,South,No,No,No,6993000
Delta 1,563.23,36,3.78,19.03,No,South,Yes,No,Yes,20942000
Omicron 2,890.55,12,1.72,19.19,No,South,Yes,No,Yes,36659000
Techzone IV,183.27,24,5.74,14.74,No,South,Yes,Yes,Yes,4071000
Ecotech 1,163.19,45,7.4,8.11,No,North,No,No,Yes,3517000
Alpha 1,591.74,18,1.32,23.24,No,North,No,Yes,Yes,33873000
Sector 2,282.83,18,5.91,12.55,No,East,Yes,No,No,4505000
Zeta 1,161.74,30,4.51,17.56,No,West,No,No,No,4419000
Alpha 2,848.07,24,1.09,23.92,No,South,No,No,Yes,36419000
Sector 1,84.05,80,4.51,19.39,No,North,No,Yes,Yes,3230000
Ecotech 1,848.78,80,7.33,12.09,Yes,East,Yes,Yes,Yes,27984000
Alpha 2,194.9,30,1.02,25.67,No,South,No,No,No,9974000
Pari Chowk,322.95,24,0.62,27.87,Yes,East,No,No,No,18287000
Pari Chowk,61.11,18,1.29,24.3,No,South,Yes,No,No,2798000
Knowledge Park 1,597.73,24,1.85,21.88,No,North,No,No,No,22790000
Beta 1,189.58,36,1.88,24.48,No,South,No,Yes,No,9195000
Zeta 1,328.96,24,4.77,20.01,Yes,East,Yes,Yes,No,12132000
Gamma 2,743.83,18,3.11,20.43,No,North,No,Yes,No,21982000
Omicron 1,97.16,24,1.22,20.19,No,East,No,No,Yes,4389000
Ecotech 1,110.65,24,6.91,8.54,No,West,No,Yes,Yes,1947000
Zeta 1,323.41,60,4.1,15.14,No,West,Yes,Yes,No,12919000
Beta 2,631.12,30,1.59,20.33,No,North,Yes,Yes,No,31010000
Sector 1,625.87,18,6.36,16.38,No,North,No,Yes,No,11134000
Delta 1,397.76,30,3.8,19.45,No,South,Yes,No,No,10645000
Sector 1,180.08,18,4.0,18.38,No,North,No,No,No,4084000
Delta 2,203.61,18,3.62,17.92,Yes,West,No,No,No,5077000
Alpha 1,137.2,30,0.6,26.25,No,North,Yes,No,Yes,8420000
Beta 2,277.22,18,2.14,24.57,No,East,Yes,Yes,No,12302000
Alpha 2,227.41,24,1.82,22.59,Yes,South,No,Yes,No,11435000
Beta 2,184.31,12,2.46,21.67,No,East,Yes,Yes,No,7744000
Zeta 2,479.56,24,5.32,15.35,No,South,Yes,No,No,11618000
Knowledge Park 1,540.74,30,2.63,22.7,No,North,Yes,Yes,No,19780000
Alpha 2,267.27,36,2.41,23.38,No,West,Yes,No,No,12428000
Gamma 2,460.51,30,3.93,20.91,No,North,No,No,No,12905000
Techzone IV,127.99,30,4.96,14.54,No,East,Yes,Yes,Yes,3455000
Delta 2,479.83,30,4.19,16.88,No,West,Yes,Yes,No,11899000
Pari Chowk,524.12,24,0.35,24.69,No,East,Yes,No,No,30440000
Beta 2,566.87,45,3.03,20.11,No,North,No,No,No,22891000
Delta 1,335.2,36,4.15,21.93,No,West,No,Yes,No,11249000
Gamma 1,461.58,12,2.9,19.53,No,East,Yes,Yes,No,17680000
Delta 1,143.94,24,3.25,18.76,No,North,No,Yes,No,5318000
Ecotech 1,411.24,30,7.9,9.14,No,East,Yes,Yes,Yes,8228000
Omicron 1,248.8,36,1.82,20.16,Yes,West,No,No,Yes,14154000
Delta 1,170.02,12,4.19,16.06,Yes,West,No,No,No,4837000
Beta 2,586.94,24,2.93,20.28,No,East,No,Yes,Yes,25242000
Delta 2,464.36,12,5.14,20.42,No,South,No,No,No,8114000
Pari Chowk,821.54,12,0.36,27.35,No,East,No,No,No,41846000
Sector 2,484.47,18,7.01,12.93,No,North,Yes,Yes,No,7643000
Techzone IV,56.19,80,6.03,13.69,No,East,Yes,Yes,Yes,2094000
Sector 1,134.88,30,4.18,17.36,Yes,West,No,No,No,3737000
Sector 2,114.01,12,6.66,14.67,No,North,No,Yes,No,1448000
Delta 2,102.07,24,4.83,16.09,No,North,No,No,Yes,2614000
Ecotech 1,315.51,45,6.2,9.95,Yes,East,Yes,No,No,6828000
Knowledge Park 1,347.77,24,2.07,18.22,No,South,Yes,No,No,15223000
Omicron 2,145.52,18,2.75,19.44,Yes,South,Yes,Yes,No,5446000
Delta 1,331.73,80,4.4,18.24,No,South,Yes,No,No,13119000
Sector 2,161.66,24,5.83,14.96,No,South,No,No,No,2901000
Sector 1,819.48,30,5.8,17.99,Yes,West,Yes,Yes,No,16622000
Ecotech 1,883.7,18,5.34,11.96,No,North,Yes,Yes,No,18856000
Sector 1,351.0,45,4.45,19.11,No,East,No,No,No,8420000
Knowledge Park 1,203.79,24,1.69,18.14,Yes,North,Yes,No,No,9549000
Beta 1,939.44,24,1.26,22.45,No,South,No,No,No,45212000
Sector 2,54.86,12,7.38,14.07,Yes,West,No,Yes,Yes,840000
Alpha 2,267.31,36,1.14,23.07,No,South,No,Yes,No,14913000
Sector 1,152.02,45,6.44,17.12,No,East,Yes,Yes,Yes,3631000
Omicron 1,69.51,18,2.98,21.81,No,East,No,Yes,No,2797000
Zeta 1,64.4,30,2.91,17.58,No,East,Yes,No,Yes,2385000
Knowledge Park 1,878.12,12,1.85,17.03,No,North,No,Yes,No,39785000
Gamma 1,67.41,12,2.09,18.67,Yes,East,No,Yes,No,3168000
Beta 1,798.61,24,1.87,24.64,No,West,Yes,No,No,33626000
Beta 2,446.47,30,2.65,23.66,Yes,North,No,No,No,17511000
Omicron 2,844.4,30,3.06,19.79,No,North,Yes,Yes,Yes,36166000
Pari Chowk,350.42,12,1.32,25.12,No,South,No,Yes,No,19488000
Delta 2,373.94,30,5.01,17.83,Yes,East,Yes,Yes,No,12477000
Delta 2,164.48,60,5.55,16.01,No,North,Yes,Yes,No,5389000
Omicron 2,433.3,30,1.66,23.83,Yes,South,No,No,Yes,17502000
Beta 1,277.78,24,2.6,24.93,No,West,Yes,Yes,No,10888000
Zeta 1,67.46,30,2.82,17.14,No,West,Yes,Yes,No,2167000
Knowledge Park 1,618.72,18,2.66,19.9,No,South,Yes,Yes,Yes,23148000
Beta 1,98.88,36,1.36,22.44,No,East,Yes,Yes,No,4677000
Sector 2,404.87,24,6.27,17.32,No,East,Yes,No,No,5673000
Knowledge Park 1,821.64,36,2.82,21.15,No,North,Yes,Yes,No,39262000
Sector 3,543.81,18,5.64,10.22,Yes,West,Yes,Yes,No,11684000
Knowledge Park 2,849.24,24,2.11,18.74,No,West,Yes,No,No,28913000
Pari Chowk,657.59,30,0.5,24.71,Yes,North,No,No,No,36585000
Zeta 2,476.41,18,4.29,15.61,No,South,Yes,No,No,12031000
Knowledge Park 2,104.13,18,2.57,17.7,No,North,No,Yes,Yes,4096000
Delta 2,243.21,12,5.9,18.39,No,South,Yes,No,Yes,5067000
Zeta 1,641.78,24,3.14,20.28,No,North,No,No,Yes,23662000
Knowledge Park 2,918.67,24,3.88,18.21,Yes,East,No,No,No,27059000
Knowledge Park 2,594.22,45,3.06,18.01,No,West,No,No,Yes,21058000
Omicron 1,190.32,36,2.23,20.53,No,North,Yes,Yes,Yes,9302000
Gamma 1,582.06,30,3.96,21.65,No,East,Yes,No,No,19432000
Sector 3,468.85,36,6.5,13.25,No,West,No,No,Yes,6723000
Beta 2,491.3,30,2.27,24.18,No,West,Yes,No,Yes,17962000
Beta 1,927.75,60,2.26,21.73,No,North,Yes,Yes,No,47083000
Zeta 1,388.49,36,3.25,18.59,No,North,No,No,Yes,13083000
Knowledge Park 2,546.79,12,2.93,18.92,No,South,Yes,No,No,17856000
Omicron 1,74.39,12,1.58,22.48,No,North,Yes,No,Yes,4016000
Alpha 2,952.91,12,1.83,22.29,No,East,No,No,No,37530000
Sector 1,257.07,45,4.18,19.33,No,South,Yes,No,Yes,7086000
Gamma 1,375.84,12,2.62,23.88,Yes,North,No,No,Yes,14499000
Delta 1,447.63,18,4.4,16.13,No,South,No,No,No,13061000
Zeta 2,61.22,36,4.01,15.33,No,East,Yes,No,No,2252000
Gamma 1,355.69,12,3.21,22.8,No,West,Yes,No,No,12947000
Gamma 2,971.12,18,3.87,21.03,No,North,No,No,Yes,34014000
Beta 1,171.71,30,1.39,21.27,Yes,South,No,No,No,7986000
Beta 1,137.76,36,2.15,20.69,No,North,Yes,No,No,6601000
Pari Chowk,801.18,30,0.21,28.57,Yes,North,No,No,Yes,52644000
Delta 2,923.58,24,4.75,20.55,No,East,No,No,No,21136000
Delta 2,153.02,24,5.43,20.02,Yes,South,Yes,Yes,No,4203000
Gamma 1,918.36,45,2.5,19.58,Yes,West,No,No,No,34033000
Knowledge Park 1,216.24,45,1.89,17.78,No,West,No,No,No,9241000
Delta 1,155.48,30,4.93,18.23,No,South,Yes,No,No,4110000
Sector 2,138.95,18,6.57,17.26,No,North,Yes,No,Yes,2146000
Beta 2,190.03,12,2.27,21.77,No,South,Yes,Yes,Yes,8931000
Zeta 1,373.31,30,3.59,16.2,Yes,South,Yes,No,No,15244000
Omicron 1,343.62,24,1.32,20.14,No,South,Yes,No,Yes,18793000
Beta 1,158.82,18,1.97,22.24,No,West,No,Yes,Yes,7110000
Delta 2,297.95,18,4.97,18.84,No,West,No,Yes,No,6049000
Alpha 1,383.21,45,1.61,27.69,No,South,Yes,Yes,No,19147000
Gamma 2,813.05,24,4.15,18.52,No,East,Yes,No,Yes,25836000
Sector 3,82.3,24,6.74,13.79,Yes,East,Yes,No,Yes,1304000
Omicron 2,479.1,12,3.31,22.89,No,North,Yes,Yes,No,20068000
Zeta 2,895.58,30,3.08,16.24,No,East,Yes,Yes,No,30670000
Alpha 1,415.92,36,0.74,22.31,No,North,No,Yes,No,23143000
Sector 2,535.87,36,7.15,12.96,No,South,Yes,No,No,8299000
Sector 1,417.55,60,6.29,17.55,Yes,East,No,No,No,10272000
Knowledge Park 2,569.49,36,3.76,17.8,No,North,Yes,No,Yes,21908000
Ecotech 1,816.44,60,6.7,10.8,No,North,Yes,No,No,16243000
Zeta 1,97.59,36,3.96,20.62,No,South,Yes,No,No,2817000
Alpha 1,824.75,24,1.74,26.08,No,West,Yes,No,Yes,34004000
Gamma 2,495.95,24,3.38,21.54,No,South,No,No,Yes,13607000
Beta 1,106.74,30,2.72,20.47,Yes,West,Yes,No,No,5151000
Delta 2,140.48,24,3.65,19.75,No,South,Yes,No,Yes,4418000
Knowledge Park 2,172.88,30,2.69,19.75,No,North,Yes,No,Yes,7299000
Sector 2,147.31,18,6.69,15.0,No,North,Yes,Yes,Yes,2790000
Techzone IV,151.75,36,4.59,10.86,Yes,North,Yes,No,Yes,5213000
Sector 3,501.08,30,6.1,10.11,Yes,South,No,Yes,No,9832000
Alpha 1,256.78,18,1.64,27.94,No,North,Yes,Yes,Yes,13530000
Zeta 1,188.31,24,4.55,15.49,No,West,Yes,No,Yes,6141000
Beta 1,303.29,12,1.03,25.78,No,East,Yes,No,No,13477000
Zeta 2,374.97,24,3.71,19.97,No,South,Yes,No,No,11950000
Zeta 1,524.99,30,3.68,16.88,Yes,East,Yes,Yes,No,22705000
Gamma 2,993.71,30,2.88,22.56,No,South,No,Yes,No,32840000
Sector 3,444.66,30,6.35,14.55,Yes,East,No,No,Yes,7037000
Omicron 2,638.12,30,2.08,22.51,No,East,No,No,Yes,30155000
Techzone IV,93.6,24,6.07,12.55,Yes,East,Yes,No,No,2154000
Delta 2,80.0,12,5.1,18.07,No,North,No,Yes,Yes,2094000
Zeta 1,92.33,12,2.56,18.85,No,East,Yes,Yes,No,3409000
Delta 1,59.92,18,4.64,21.44,Yes,West,Yes,No,No,1516000
Zeta 1,885.27,24,3.31,15.67,No,North,No,Yes,Yes,28670000
Zeta 2,380.9,18,5.21,17.9,Yes,North,Yes,No,Yes,10587000
Ecotech 1,64.68,24,8.13,9.38,No,North,No,Yes,No,892000
Alpha 2,734.74,30,1.01,24.74,Yes,East,No,Yes,No,39763000
Omicron 1,387.09,30,2.62,23.05,Yes,East,No,No,No,19633000
Sector 3,244.42,24,6.87,10.95,No,South,No,No,Yes,3011000
Delta 1,721.92,24,5.09,20.55,No,North,Yes,Yes,No,17493000
Zeta 2,972.4,18,3.04,15.26,No,East,Yes,Yes,No,36732000
Alpha 2,365.84,30,2.09,23.19,No,South,No,No,No,14052000
Knowledge Park 2,117.83,30,3.43,19.64,Yes,East,Yes,No,No,4092000
Gamma 2,729.41,18,4.5,19.29,No,West,Yes,No,Yes,24471000
Delta 2,827.36,18,4.95,20.52,No,East,Yes,No,Yes,18754000
Zeta 1,608.95,36,3.65,20.05,No,North,Yes,No,Yes,20828000
Omicron 2,641.88,18,2.43,21.63,No,South,Yes,Yes,No,24486000
Techzone IV,471.87,36,4.77,12.69,No,West,Yes,Yes,Yes,14251000
Omicron 1,402.33,24,1.3,23.02,No,South,Yes,No,No,18372000
Sector 1,253.02,24,6.52,14.96,Yes,South,Yes,Yes,No,4710000
Beta 2,260.14,24,1.88,20.08,No,North,Yes,Yes,No,11681000
Alpha 2,271.64,18,0.86,25.17,No,South,Yes,No,No,13407000
Ecotech 1,455.3,18,5.37,9.43,No,South,Yes,No,No,8797000
Zeta 2,186.67,18,5.23,16.75,No,South,Yes,Yes,No,5813000
Delta 2,655.04,18,5.97,16.11,Yes,West,No,No,Yes,15017000
Sector 2,784.94,36,6.4,15.2,No,North,No,No,No,13451000
Knowledge Park 1,970.47,30,1.62,18.64,No,South,No,No,Yes,41603000
Zeta 2,102.42,60,3.49,19.71,No,East,Yes,Yes,No,4272000
Alpha 1,76.19,30,1.9,23.54,No,South,Yes,Yes,No,4229000
Sector 2,113.25,24,6.44,14.14,No,East,No,Yes,No,1798000
Pari Chowk,698.2,80,0.81,29.56,Yes,North,Yes,No,Yes,56113000
Knowledge Park 2,885.95,80,3.52,21.81,No,North,No,Yes,Yes,36636000
Sector 3,353.5,18,6.51,11.87,No,East,No,Yes,No,4688000
Beta 1,156.68,24,1.97,22.69,No,North,Yes,No,Yes,6858000
Delta 2,424.57,30,5.14,16.25,Yes,North,Yes,Yes,No,13849000
Techzone IV,231.61,18,5.0,12.46,No,North,No,Yes,No,5494000
Techzone IV,371.8,45,6.36,15.58,No,North,Yes,Yes,Yes,9071000
Knowledge Park 1,266.78,24,1.56,17.24,No,West,Yes,No,No,11143000
Delta 2,181.43,18,3.55,19.5,No,South,Yes,No,No,5102000
Pari Chowk,671.29,18,0.83,25.61,No,East,No,No,Yes,32282000
Zeta 1,988.65,30,3.25,16.95,No,South,No,Yes,No,37381000
Sector 1,70.09,24,4.74,19.22,No,East,Yes,No,Yes,1667000
Knowledge Park 2,441.54,36,2.01,21.51,Yes,West,No,No,No,17530000
Ecotech 1,464.46,36,5.95,10.63,Yes,North,No,No,No,9968000
Sector 1,100.52,36,6.14,15.16,No,South,Yes,No,No,1888000
Sector 2,443.59,60,6.31,16.5,No,East,Yes,Yes,No,9936000
Alpha 1,445.68,45,1.27,25.77,No,South,Yes,Yes,No,23280000
Sector 2,68.57,36,7.24,13.21,No,East,Yes,Yes,Yes,1357000
Zeta 2,415.02,60,5.16,16.69,Yes,South,No,No,No,13631000
Omicron 2,237.46,45,2.43,21.54,No,South,No,Yes,Yes,12172000
Pari Chowk,165.78,30,0.86,27.63,No,West,No,No,Yes,9848000
Sector 1,61.01,36,5.39,16.92,No,East,No,No,Yes,1612000
Alpha 2,178.49,36,1.31,24.17,Yes,North,Yes,No,Yes,10650000
Beta 2,861.23,30,3.44,22.19,No,East,No,No,No,26792000
Sector 3,770.96,24,7.86,13.14,No,South,No,Yes,Yes,8158000
Beta 1,831.26,30,2.0,22.94,No,North,No,No,No,33254000
Gamma 2,52.02,30,4.29,22.33,No,North,Yes,Yes,Yes,2045000
Ecotech 1,153.65,12,7.89,10.15,No,West,Yes,No,No,1547000
Knowledge Park 1,71.53,12,2.34,19.77,No,South,No,No,No,2399000
Sector 2,50.0,18,4.56,17.49,Yes,East,Yes,No,No,1230000
Knowledge Park 1,171.43,30,3.45,17.67,No,South,No,No,No,5671000
Gamma 2,179.3,18,4.19,20.42,No,South,No,Yes,Yes,5186000
Sector 2,209.59,24,5.47,15.66,No,East,Yes,No,No,3533000
Delta 1,63.2,18,3.94,16.05,No,North,Yes,Yes,No,2199000
Omicron 1,908.69,18,1.48,21.69,No,North,Yes,No,No,40415000
Beta 1,535.0,60,1.75,20.48,No,East,Yes,No,Yes,25773000
Beta 1,305.81,18,1.37,25.36,No,North,Yes,No,Yes,15684000
Ecotech 1,303.93,18,5.42,8.46,No,South,No,Yes,Yes,6996000
Sector 3,457.64,12,5.33,15.41,No,East,Yes,Yes,No,7782000
Omicron 1,964.27,30,1.42,20.87,No,West,No,No,No,40830000
Omicron 2,617.38,45,1.75,20.07,No,North,Yes,No,No,28101000
Techzone IV,328.18,24,5.01,12.7,No,West,No,Yes,Yes,9484000
Techzone IV,720.77,24,5.12,13.52,No,North,No,Yes,No,19492000
Beta 1,144.78,80,2.08,25.91,No,South,Yes,Yes,Yes,8169000
Zeta 1,572.14,24,3.57,18.25,No,East,Yes,No,No,21496000
Gamma 1,194.17,24,3.59,19.83,Yes,West,Yes,No,Yes,7643000
Omicron 1,386.68,24,1.73,20.27,No,East,No,Yes,No,16344000
Sector 2,131.07,30,6.51,14.86,No,North,No,No,No,1983000
Delta 2,98.14,18,3.63,17.89,No,West,Yes,Yes,No,2449000
Alpha 2,322.93,12,0.85,23.29,No,West,No,No,No,15906000
Delta 1,516.15,30,4.88,16.91,No,South,Yes,Yes,No,13776000
Techzone IV,363.75,80,4.05,14.19,No,North,Yes,No,Yes,14192000
Sector 2,567.01,24,6.1,12.0,No,North,Yes,No,Yes,10304000
Zeta 2,702.48,12,5.25,19.59,No,North,Yes,No,Yes,16267000
Alpha 2,91.68,24,2.25,25.78,No,South,Yes,No,No,3650000
Sector 1,235.18,18,5.7,18.89,No,West,No,No,No,4015000
Knowledge Park 2,681.02,36,2.86,16.33,Yes,South,No,Yes,No,31246000
Beta 1,360.55,30,2.54,20.07,No,South,Yes,Yes,No,13998000
Omicron 1,86.92,24,1.73,22.06,No,South,No,No,Yes,4076000
Knowledge Park 1,475.38,30,3.35,20.1,Yes,East,Yes,No,No,19947000
Techzone IV,127.88,18,4.26,13.68,Yes,East,Yes,Yes,No,4028000
Sector 3,332.44,18,5.4,11.23,No,North,Yes,No,Yes,5483000
Zeta 1,631.82,30,3.86,16.51,No,North,No,No,No,20784000
Ecotech 1,925.27,36,5.3,9.1,No,North,No,Yes,No,21987000
Gamma 1,56.58,24,2.9,21.48,No,West,Yes,Yes,No,2140000
Pari Chowk,294.0,60,0.98,24.86,No,North,Yes,Yes,No,20642000
Zeta 1,117.88,30,4.22,17.24,No,East,No,No,No,3565000
Delta 1,65.0,36,5.36,21.19,Yes,East,Yes,Yes,Yes,2382000
Sector 2,666.75,24,4.73,12.19,No,South,No,No,Yes,14544000
Delta 2,165.79,30,4.04,19.29,No,East,Yes,No,No,4003000
Techzone IV,963.46,18,5.07,13.95,No,North,Yes,No,No,23036000
Sector 2,179.1,18,4.75,14.62,No,South,Yes,No,Yes,4457000
Delta 2,123.22,18,3.64,18.84,No,North,No,No,No,3665000
Knowledge Park 2,516.77,30,3.91,20.65,No,East,Yes,Yes,No,19169000
Omicron 2,508.05,30,3.29,22.07,No,North,Yes,No,Yes,19604000
Zeta 1,935.27,24,4.94,19.85,No,East,No,Yes,No,31956000
Omicron 1,98.57,30,2.26,25.07,No,South,No,No,No,4629000
Sector 2,248.32,18,7.01,12.09,No,South,Yes,Yes,No,3953000
Omicron 2,482.79,18,2.4,24.6,No,East,Yes,Yes,No,22750000
Omicron 2,463.92,12,2.15,21.33,No,West,Yes,Yes,No,16588000
Zeta 2,735.1,12,4.63,17.92,No,North,Yes,No,No,21264000
Sector 2,892.0,24,4.83,16.22,No,West,Yes,Yes,No,20547000
Sector 1,203.76,18,4.01,14.7,No,East,No,Yes,No,5585000
Beta 1,444.06,30,2.15,23.35,No,East,Yes,No,No,18272000
Zeta 2,357.23,24,3.18,19.66,No,West,Yes,No,No,10167000
Knowledge Park 2,431.76,60,3.45,21.51,No,East,Yes,No,No,18262000
Omicron 1,61.09,18,1.47,23.2,Yes,East,Yes,Yes,Yes,3742000
Alpha 2,116.97,18,2.03,22.34,No,North,No,No,No,5157000
Sector 3,241.52,24,5.26,11.72,No,North,No,No,No,4575000
Ecotech 1,483.93,18,8.01,9.54,No,West,No,Yes,No,5312000
Delta 2,918.62,36,5.94,18.02,Yes,North,No,No,Yes,23612000
Zeta 2,774.24,24,3.82,14.43,No,West,Yes,No,No,26127000
Techzone IV,210.28,80,4.72,15.34,No,East,No,Yes,No,6805000
Techzone IV,623.32,45,4.99,11.78,Yes,North,Yes,No,Yes,22810000
Zeta 2,272.24,24,4.87,15.74,No,North,Yes,No,No,7807000
Techzone IV,203.2,12,6.49,10.35,No,West,Yes,Yes,Yes,4113000
Pari Chowk,941.22,36,0.79,27.14,No,North,Yes,No,Yes,58511000
Sector 2,412.18,30,5.45,17.84,Yes,South,Yes,Yes,No,8084000
Gamma 1,798.28,18,2.45,19.35,Yes,East,No,No,Yes,28367000
Omicron 1,299.95,24,2.47,23.75,No,West,Yes,Yes,Yes,11927000
Sector 2,52.81,30,6.96,16.31,No,South,No,Yes,No,874000
Knowledge Park 1,446.69,30,2.79,21.12,No,South,No,No,No,18318000
Sector 3,211.86,24,7.91,14.07,Yes,South,Yes,Yes,No,2836000
Gamma 2,773.48,60,4.41,19.76,Yes,North,Yes,No,Yes,34318000
Delta 2,56.92,36,4.56,17.11,Yes,South,No,No,No,1417000
Beta 2,549.72,80,2.99,23.7,No,North,No,No,Yes,27623000
Gamma 1,288.62,30,2.5,20.94,Yes,East,No,Yes,No,13663000
Beta 2,883.12,18,3.09,20.31,No,South,No,No,Yes,30329000
Zeta 2,108.55,45,5.11,16.16,No,South,Yes,No,Yes,3346000
Beta 2,617.14,18,2.6,20.32,Yes,North,No,No,No,23592000
Gamma 2,295.01,24,3.51,22.98,Yes,West,Yes,Yes,No,10794000
Zeta 2,127.16,60,3.12,14.59,Yes,North,Yes,No,Yes,6555000
Alpha 2,350.45,36,1.03,25.54,No,North,Yes,Yes,No,16312000
Delta 2,245.56,36,5.59,16.81,No,East,Yes,No,No,5478000
Beta 2,212.32,18,2.09,24.98,No,South,No,No,No,6746000
Omicron 1,663.28,18,1.6,21.69,No,West,No,Yes,Yes,34578000
Beta 1,434.03,24,1.83,25.87,No,North,Yes,Yes,Yes,23109000
Delta 2,207.85,36,5.33,19.32,Yes,East,No,No,Yes,5986000
Omicron 1,129.46,24,2.4,23.83,No,East,No,No,No,5170000
Delta 1,556.84,30,5.2,19.09,No,North,No,No,No,12918000
Zeta 1,383.23,30,3.43,16.68,No,North,Yes,Yes,No,14901000
Gamma 1,88.37,36,3.97,23.67,Yes,West,No,No,No,3354000
Omicron 2,333.06,36,1.81,23.45,No,North,No,Yes,Yes,15505000
Zeta 2,658.58,24,3.02,16.91,No,North,Yes,Yes,No,20796000
Delta 2,713.31,36,3.83,19.81,Yes,North,No,No,Yes,21546000
Knowledge Park 2,69.4,36,3.68,18.81,No,North,Yes,No,No,2859000
Sector 2,98.62,36,6.24,15.36,Yes,North,No,Yes,No,2087000
Alpha 2,483.92,18,1.98,23.32,No,East,Yes,Yes,Yes,25007000
Gamma 2,785.27,24,4.09,18.07,No,East,Yes,Yes,Yes,27014000
Sector 3,240.64,24,7.08,13.78,No,South,Yes,No,No,3140000
Beta 1,136.21,30,2.08,20.11,Yes,West,No,Yes,No,6514000
Gamma 2,371.85,24,4.4,20.89,No,West,Yes,Yes,No,10520000
Delta 2,179.64,30,5.65,20.93,No,North,Yes,Yes,No,5008000
Sector 2,331.36,30,6.91,15.37,No,East,Yes,No,Yes,5931000
Sector 3,627.71,18,7.18,11.94,No,West,No,Yes,No,6527000
Sector 3,315.68,18,7.23,11.51,No,South,No,Yes,Yes,3795000
Delta 2,175.18,18,4.05,17.01,No,West,No,Yes,No,4491000
Pari Chowk,604.92,60,0.3,24.17,No,East,No,Yes,No,33863000
Omicron 1,228.48,30,1.68,24.83,Yes,North,Yes,Yes,Yes,13963000
Knowledge Park 1,473.59,12,2.69,21.63,No,North,No,No,No,16597000
Gamma 1,152.3,18,2.86,18.73,No,North,Yes,No,No,5154000
Techzone IV,165.83,30,5.95,11.15,Yes,West,Yes,Yes,No,4103000
Knowledge Park 1,885.77,30,2.63,17.46,Yes,South,Yes,No,No,32897000
Alpha 1,235.05,30,0.5,27.62,Yes,North,Yes,Yes,Yes,16395000
Beta 1,764.74,30,2.0,22.2,No,North,Yes,Yes,No,33104000
Sector 3,447.9,30,6.03,15.36,No,East,Yes,No,Yes,7473000
Beta 2,70.95,24,1.55,24.62,No,East,Yes,Yes,Yes,3003000
Alpha 1,508.37,12,1.99,24.82,No,West,No,No,Yes,22735000
Delta 1,188.69,30,3.5,16.39,Yes,South,Yes,No,No,5990000
Knowledge Park 2,683.32,24,3.31,19.48,Yes,West,Yes,No,No,27865000
Sector 2,945.67,24,6.9,17.31,Yes,North,Yes,No,No,15380000
Knowledge Park 1,603.14,24,3.25,22.32,Yes,West,Yes,Yes,No,26482000
Delta 2,233.97,12,3.9,17.99,No,South,No,No,No,6273000
Knowledge Park 1,357.14,12,3.18,17.02,No,East,Yes,Yes,Yes,13059000
Alpha 2,116.52,24,1.56,25.62,Yes,South,No,No,Yes,6549000
Delta 2,716.11,30,5.36,17.27,No,South,Yes,No,No,18220000
Sector 1,183.18,24,4.47,19.75,No,East,No,Yes,No,3837000
Sector 3,361.16,12,6.44,13.08,No,North,No,No,No,4455000
Techzone IV,294.44,24,6.17,10.78,No,North,No,Yes,No,7307000
Omicron 1,788.07,36,1.16,25.55,No,North,Yes,Yes,No,45724000
Delta 1,68.0,36,5.35,21.17,No,South,Yes,Yes,Yes,2128000
Ecotech 1,480.91,12,6.41,9.41,No,South,No,Yes,Yes,8289000
Zeta 1,822.0,30,3.47,19.1,No,South,No,Yes,Yes,26523000
Delta 2,194.7,36,5.64,18.18,No,East,No,No,Yes,5312000
Knowledge Park 1,277.96,24,2.54,17.84,No,North,Yes,Yes,No,11372000
Beta 2,760.52,24,2.23,21.29,No,South,Yes,Yes,No,35391000
Beta 2,822.75,30,2.98,21.68,No,South,Yes,No,Yes,34193000
Sector 2,422.66,30,6.14,17.66,No,North,Yes,No,No,7221000
Zeta 1,406.14,24,2.51,20.21,Yes,East,No,No,No,14406000
Delta 1,284.98,24,3.58,21.07,No,West,Yes,Yes,Yes,10113000
Zeta 2,183.12,36,3.63,14.19,No,North,Yes,Yes,No,6067000
Sector 1,270.76,36,6.16,14.76,Yes,West,Yes,Yes,Yes,7234000
Techzone IV,457.78,18,4.39,11.03,No,East,Yes,No,No,12852000
Delta 2,184.85,24,5.09,17.25,No,West,Yes,No,No,4094000
Delta 2,73.94,18,4.1,16.42,No,East,No,No,Yes,2051000
Alpha 2,161.29,24,1.37,26.5,No,North,Yes,Yes,No,6883000
Alpha 2,146.55,60,1.95,22.58,Yes,East,No,No,No,7205000
Omicron 1,337.88,12,1.19,20.33,No,North,No,Yes,No,17533000
Knowledge Park 2,143.91,18,2.9,20.98,No,South,Yes,No,No,4757000
Beta 2,213.05,30,2.68,22.69,No,East,No,Yes,No,7739000
Zeta 2,203.98,24,3.37,18.76,No,North,No,Yes,No,6642000
Pari Chowk,734.97,36,0.29,28.96,No,East,No,Yes,No,41732000
Knowledge Park 2,335.77,36,3.19,21.36,Yes,South,No,Yes,Yes,15701000
Alpha 2,462.94,30,1.46,24.1,No,North,Yes,No,Yes,25083000
Omicron 1,308.27,12,2.33,25.47,No,North,No,Yes,No,12771000
Delta 1,159.6,24,4.88,19.19,No,South,No,No,Yes,4585000
Techzone IV,201.01,80,4.54,11.12,No,East,Yes,Yes,No,8391000
Alpha 2,391.81,36,1.62,24.66,No,South,Yes,No,No,19470000
Ecotech 1,353.01,18,5.95,13.12,No,South,Yes,Yes,Yes,8689000
Alpha 1,162.84,60,0.83,26.35,No,East,Yes,No,No,9783000
Knowledge Park 1,360.47,18,3.12,21.92,No,West,No,Yes,Yes,11973000
Zeta 2,488.13,18,4.3,18.26,Yes,South,No,Yes,Yes,17492000
Knowledge Park 2,341.89,30,3.1,16.47,No,North,No,Yes,No,11025000
Gamma 1,177.0,18,3.08,21.45,No,North,No,Yes,Yes,5700000
Beta 1,253.92,18,2.36,22.95,No,West,Yes,Yes,Yes,9729000
Knowledge Park 1,591.77,24,2.9,22.13,No,South,No,No,No,18539000
Gamma 2,163.91,30,4.07,20.27,No,North,No,Yes,No,5619000
Zeta 2,198.81,24,4.45,19.52,Yes,West,No,Yes,No,6559000
Delta 2,428.88,24,4.74,16.67,No,North,Yes,No,No,11583000
Gamma 1,673.03,60,2.17,20.08,No,North,Yes,Yes,No,30181000
Knowledge Park 1,139.59,18,2.25,20.04,No,West,Yes,No,No,5540000
Knowledge Park 2,936.3,18,2.19,18.51,Yes,North,Yes,Yes,Yes,39771000
Sector 3,570.5,24,7.75,14.57,No,West,Yes,Yes,Yes,7736000
Gamma 2,65.17,18,2.88,18.16,No,South,No,No,No,1794000
Techzone IV,462.11,24,5.08,13.85,No,North,Yes,Yes,No,13804000
Delta 1,577.45,30,3.74,19.36,No,North,Yes,Yes,No,17561000
Pari Chowk,76.27,18,0.96,29.18,No,North,No,No,Yes,4490000
Beta 2,59.98,18,2.48,20.37,Yes,South,Yes,Yes,No,2983000
Sector 2,496.94,24,7.2,12.31,No,North,Yes,No,Yes,8987000
Alpha 1,139.72,24,1.9,22.75,No,West,Yes,No,No,6604000
Gamma 2,403.23,60,3.34,22.32,Yes,South,Yes,Yes,Yes,17600000
Beta 2,61.78,24,3.44,22.32,No,North,No,Yes,No,2272000
Omicron 1,185.39,30,1.56,22.84,No,South,Yes,No,No,7686000
Zeta 2,150.34,18,3.8,16.79,No,West,Yes,Yes,Yes,4966000
Omicron 1,474.41,18,1.72,25.93,No,North,No,No,No,19698000
Alpha 2,130.41,30,0.86,26.99,No,North,Yes,Yes,Yes,6758000
Delta 2,496.94,24,5.72,20.88,No,East,Yes,No,No,10047000
Omicron 1,635.86,30,1.83,20.74,No,North,Yes,Yes,No,34183000
Beta 1,939.93,30,1.84,25.82,Yes,East,No,No,Yes,41774000
Techzone IV,122.12,30,4.24,10.57,No,South,No,Yes,No,3008000
Beta 1,831.45,12,2.48,25.51,No,West,Yes,No,No,33802000
Gamma 2,911.17,24,2.63,18.9,No,South,No,Yes,Yes,32111000
Ecotech 1,170.11,12,8.36,11.09,No,North,No,Yes,No,1785000
Ecotech 1,133.94,18,7.6,8.29,No,West,No,No,No,1490000
Gamma 2,345.97,30,4.17,20.79,Yes,South,Yes,No,No,9845000
Omicron 1,960.37,30,2.61,24.75,Yes,East,Yes,No,Yes,46367000
Sector 3,115.3,30,7.73,14.85,No,North,No,No,No,1010000
Zeta 2,939.99,12,4.35,19.35,No,East,Yes,Yes,Yes,32747000
Delta 2,276.48,18,5.7,18.55,Yes,East,Yes,No,No,5766000
Knowledge Park 2,785.23,24,2.13,17.36,No,West,Yes,Yes,Yes,27787000
Knowledge Park 1,681.0,60,2.26,22.23,No,North,Yes,Yes,Yes,38053000
Sector 1,59.69,36,5.19,19.49,No,North,No,No,Yes,1578000
Gamma 2,266.17,12,3.49,19.8,No,West,No,No,No,7163000
Zeta 1,764.03,36,2.81,16.14,No,East,No,Yes,Yes,30793000
Alpha 1,835.44,30,1.85,27.1,No,North,Yes,No,No,45683000
Knowledge Park 2,268.44,18,3.36,17.09,No,East,Yes,No,Yes,10873000
Knowledge Park 2,903.17,24,3.45,16.05,No,East,No,Yes,No,27834000
Delta 1,80.53,30,3.48,20.76,Yes,West,No,No,Yes,2433000
Alpha 1,180.72,18,1.73,25.03,No,West,Yes,Yes,No,9011000
Sector 2,182.36,24,6.05,14.93,No,North,Yes,Yes,No,3287000
Sector 3,313.81,60,5.72,13.74,No,West,Yes,Yes,Yes,7566000
Ecotech 1,189.37,12,5.06,8.62,Yes,South,Yes,Yes,No,4343000
Sector 3,403.19,30,6.01,14.9,No,West,Yes,No,No,6158000
Sector 1,707.84,36,5.23,15.38,No,West,Yes,No,No,15535000
Techzone IV,639.61,12,4.14,11.69,No,West,No,Yes,No,15048000
Alpha 1,359.5,12,1.37,22.78,No,West,Yes,Yes,No,16438000
Omicron 1,587.4,30,2.69,22.89,No,West,Yes,Yes,No,25035000
Techzone IV,159.84,24,5.56,10.53,No,North,No,No,No,3009000
Knowledge Park 2,908.33,30,3.15,21.05,Yes,East,Yes,Yes,Yes,42243000
Knowledge Park 1,761.18,24,2.5,17.63,No,West,Yes,No,No,26069000
Gamma 2,177.77,12,3.5,21.82,No,West,Yes,No,Yes,6098000
Knowledge Park 1,396.88,45,1.67,21.94,Yes,North,No,Yes,No,20068000
Delta 1,584.15,24,3.69,19.73,No,South,No,Yes,No,19498000
Sector 1,286.63,30,6.36,19.2,Yes,South,No,Yes,No,5851000
Knowledge Park 2,135.04,30,3.06,18.41,Yes,North,No,No,No,5479000
Sector 2,833.38,30,7.06,17.64,No,North,Yes,No,No,11306000
Sector 1,69.08,36,6.37,15.85,No,West,Yes,Yes,No,1683000
Sector 2,507.8,18,7.29,16.85,No,West,No,Yes,No,6422000
Sector 3,883.18,45,6.95,15.25,Yes,North,Yes,Yes,Yes,17948000
Gamma 2,204.77,18,3.03,19.8,No,South,Yes,Yes,No,7251000
Knowledge Park 1,411.44,36,3.08,18.78,Yes,North,No,No,No,19516000
Beta 2,249.76,30,2.61,24.93,No,East,No,Yes,Yes,10376000
Knowledge Park 2,346.58,30,3.4,21.03,No,West,Yes,No,No,10306000
Beta 1,273.84,36,2.79,24.94,No,East,No,Yes,No,13310000
Omicron 1,478.22,24,2.65,25.89,No,East,Yes,No,Yes,18191000
Gamma 2,308.97,18,4.47,22.04,No,East,No,No,No,9144000
Zeta 1,979.77,45,3.89,16.24,No,South,No,No,No,29298000
Delta 1,387.62,24,4.82,18.71,No,West,Yes,No,Yes,9684000
Pari Chowk,55.7,45,0.22,27.34,No,East,Yes,Yes,No,3347000
Sector 3,156.05,24,6.29,15.38,No,North,No,No,No,1893000
Knowledge Park 1,306.38,30,3.45,21.13,No,East,No,Yes,Yes,12928000
Sector 3,942.8,30,5.76,12.37,No,North,Yes,Yes,Yes,20554000
Omicron 1,893.72,24,2.74,22.42,No,West,No,Yes,Yes,42642000
Sector 3,101.79,36,7.5,12.09,No,South,Yes,No,No,1286000
Alpha 2,341.58,18,2.11,23.13,No,North,No,No,Yes,13571000
Beta 2,137.21,18,2.25,24.0,No,South,Yes,No,Yes,6076000
Gamma 2,268.21,36,3.85,20.49,No,North,Yes,Yes,Yes,11490000
Delta 1,658.17,36,3.04,16.76,No,North,Yes,No,No,24841000
Gamma 2,177.27,24,4.38,20.14,No,South,Yes,No,No,5090000
Omicron 2,109.42,18,2.87,24.89,No,West,No,No,No,4189000
Sector 1,308.63,18,5.3,15.53,No,North,No,Yes,No,6293000
Beta 1,367.6,30,2.59,22.0,No,South,No,No,No,12554000
Ecotech 1,453.1,36,5.93,11.43,No,South,No,Yes,Yes,11809000
Knowledge Park 1,490.09,18,2.16,18.26,No,North,No,No,No,16964000
Beta 2,764.2,30,3.07,24.91,No,North,No,Yes,No,28991000
Delta 1,253.06,45,3.77,19.28,No,West,Yes,Yes,No,9313000
Pari Chowk,608.68,36,0.39,26.74,No,North,Yes,No,No,33351000
Zeta 1,216.67,30,2.58,18.7,No,South,No,No,No,6937000
Zeta 1,198.85,36,2.59,20.9,No,South,Yes,Yes,No,8849000
Omicron 2,503.68,24,3.13,23.33,No,North,No,No,Yes,19707000
Beta 2,68.06,30,2.56,23.28,No,West,Yes,No,Yes,2615000
Gamma 1,79.39,36,3.98,18.05,No,North,Yes,No,No,2590000
Delta 1,559.23,24,5.41,21.65,No,South,Yes,Yes,No,14057000
Omicron 1,166.37,24,2.03,25.01,No,North,Yes,No,No,8421000
Gamma 1,181.31,24,3.94,21.65,No,North,Yes,Yes,Yes,7494000
Delta 1,330.65,24,3.32,21.29,No,West,No,No,No,10607000
Knowledge Park 1,852.75,24,1.56,17.9,No,North,No,Yes,Yes,40801000
Zeta 2,206.89,36,4.34,19.45,Yes,East,No,No,No,7119000
Sector 2,406.36,18,4.7,16.34,No,South,Yes,No,Yes,8538000
Sector 2,112.49,30,4.66,14.68,No,North,Yes,Yes,Yes,3144000
Knowledge Park 2,818.83,30,3.37,21.78,No,East,No,No,Yes,24375000
Sector 1,381.46,30,4.99,14.84,No,East,Yes,Yes,No,9608000
Gamma 1,233.81,18,3.67,21.86,No,South,No,Yes,No,8076000
Alpha 1,63.97,18,1.53,26.77,Yes,East,Yes,No,No,3658000
Beta 2,256.9,18,1.88,22.3,No,North,No,No,No,9925000
Beta 1,194.96,12,1.2,25.21,No,North,No,Yes,No,7722000
Delta 2,875.45,30,4.9,20.52,Yes,North,Yes,Yes,No,25167000
Omicron 1,739.19,24,2.75,25.05,Yes,West,Yes,No,Yes,29626000
Omicron 2,134.27,60,1.68,24.73,No,North,Yes,No,No,7119000
Techzone IV,398.54,30,4.96,14.63,Yes,North,No,No,Yes,12403000
Sector 3,666.65,24,5.55,12.61,No,South,No,Yes,No,12001000
Techzone IV,426.96,12,5.91,13.49,No,North,Yes,Yes,Yes,10455000
Omicron 2,118.69,24,2.11,24.6,Yes,West,No,No,Yes,5098000
Delta 1,574.81,18,4.36,16.63,Yes,East,Yes,Yes,Yes,22302000
Techzone IV,509.29,30,5.49,12.07,No,North,No,No,Yes,13873000
Ecotech 1,366.08,36,6.03,10.68,No,East,No,Yes,No,8258000
Alpha 2,70.5,24,1.33,25.03,Yes,West,No,Yes,No,3886000
Knowledge Park 2,126.17,30,3.73,18.89,No,East,Yes,No,No,4165000
Pari Chowk,844.08,18,1.42,27.18,No,South,Yes,No,Yes,44827000
Omicron 1,578.54,36,1.92,25.9,No,East,No,Yes,Yes,27896000
Gamma 2,505.19,60,2.7,20.41,Yes,South,Yes,No,Yes,23609000
Sector 3,739.54,18,5.09,14.36,No,North,Yes,Yes,No,13877000
Knowledge Park 1,50.0,18,2.51,18.63,No,South,Yes,No,Yes,2037000
Delta 1,779.12,12,4.69,16.31,No,North,Yes,Yes,No,20888000
Alpha 1,119.4,18,0.89,25.34,No,West,Yes,No,Yes,6357000
Alpha 2,360.5,24,1.3,25.06,Yes,North,Yes,No,No,17448000
Beta 2,164.47,24,1.72,20.01,No,East,No,No,No,6051000
Beta 2,415.68,18,1.79,20.17,No,West,Yes,No,No,16995000
Zeta 2,125.31,30,4.85,15.09,No,East,No,No,No,3990000
Sector 1,541.67,24,5.65,14.63,No,North,Yes,No,No,11285000
Zeta 1,584.06,30,2.74,16.64,No,East,No,Yes,No,19225000
Alpha 2,794.64,45,2.08,24.11,No,South,No,No,No,38900000
Gamma 1,264.0,24,2.77,18.01,No,East,No,Yes,No,9576000
Sector 2,117.07,12,5.15,17.61,No,South,Yes,Yes,No,2056000
Delta 2,251.65,18,4.63,19.46,No,East,Yes,Yes,No,6717000
Beta 1,172.19,30,1.64,24.6,No,West,Yes,Yes,No,6995000
Zeta 2,93.97,30,5.21,15.41,No,East,Yes,No,Yes,2514000
Gamma 1,404.17,24,2.21,18.11,No,North,No,No,No,14579000
Alpha 2,804.77,24,1.91,25.84,No,South,Yes,Yes,No,41790000
Beta 1,736.1,12,1.0,22.83,Yes,West,Yes,No,Yes,35458000
Knowledge Park 1,862.24,30,2.5,22.39,No,South,No,No,No,29923000
Knowledge Park 1,984.39,12,3.01,20.15,No,North,No,No,Yes,40118000
Gamma 2,610.57,24,3.8,19.65,No,North,Yes,Yes,No,21040000
Techzone IV,723.7,12,4.71,15.22,Yes,West,Yes,Yes,Yes,18704000
Sector 2,353.91,24,5.46,16.47,No,South,No,No,Yes,7081000
Sector 2,50.0,36,7.34,14.14,No,East,Yes,No,No,679000
Zeta 1,64.42,18,4.51,15.26,No,North,No,Yes,No,2267000
Techzone IV,230.41,18,5.25,11.4,No,East,No,Yes,No,5538000
Beta 1,90.35,18,1.48,21.12,No,North,Yes,No,Yes,4425000
Omicron 2,87.23,18,3.29,23.12,No,North,No,No,No,3017000
Ecotech 1,573.66,18,8.06,13.21,No,South,No,No,No,5573000
Omicron 1,122.72,18,1.22,24.5,No,West,No,Yes,Yes,5722000
Zeta 2,457.59,36,5.43,15.72,Yes,South,No,Yes,No,14162000
Ecotech 1,911.87,24,7.56,8.49,Yes,North,Yes,No,Yes,18898000
Delta 2,171.71,24,4.77,17.8,No,West,No,Yes,Yes,4727000
Ecotech 1,374.75,36,5.12,10.2,No,South,Yes,No,Yes,10767000
Omicron 2,136.39,60,2.3,22.75,No,East,Yes,No,Yes,7359000
Omicron 2,921.55,18,2.93,23.21,No,South,No,Yes,No,37807000
Techzone IV,552.28,30,5.54,13.06,No,East,Yes,No,No,12249000
Alpha 1,905.77,36,1.72,26.88,No,South,No,No,Yes,38305000
Alpha 2,98.92,24,2.32,22.0,No,North,No,No,No,4417000
Knowledge Park 2,407.42,36,2.34,18.31,No,South,No,No,No,15386000
Knowledge Park 2,468.86,45,2.21,18.7,No,North,No,No,No,18436000
Sector 2,57.35,30,6.77,16.68,No,South,Yes,No,No,813000
Sector 3,275.35,24,7.81,14.06,Yes,North,Yes,Yes,Yes,4503000
Alpha 2,91.64,30,1.54,23.47,Yes,South,Yes,Yes,No,5279000
Alpha 1,418.33,30,1.92,22.25,No,East,No,Yes,No,23156000
Delta 2,865.97,18,4.86,16.9,No,West,Yes,No,No,17692000
Sector 3,414.27,24,6.36,10.1,Yes,North,Yes,Yes,No,7771000
Alpha 2,775.21,24,1.35,24.94,Yes,West,No,No,No,35009000
Delta 2,188.9,60,3.51,20.43,Yes,West,Yes,Yes,Yes,6543000
Gamma 2,825.16,12,3.71,20.26,No,North,Yes,Yes,No,25116000
Alpha 2,126.68,24,1.45,23.26,No,West,Yes,Yes,No,6118000
Beta 2,470.84,18,2.22,21.92,No,West,Yes,No,No,18269000
Beta 2,75.07,36,1.64,23.44,Yes,East,No,No,No,3492000
Zeta 2,151.16,18,4.09,16.78,No,East,No,No,Yes,4132000
Techzone IV,987.3,24,4.77,10.91,No,South,No,Yes,Yes,25037000
Gamma 1,212.93,18,3.08,20.23,No,South,No,No,No,6355000
Omicron 1,186.71,36,2.99,21.01,Yes,East,No,Yes,No,9180000
Sector 2,329.04,36,6.73,14.86,Yes,East,Yes,Yes,No,6646000
Techzone IV,135.85,24,4.8,15.37,No,East,Yes,No,Yes,3807000
Delta 1,221.3,18,5.45,19.16,No,North,No,No,No,4777000
Sector 3,76.72,36,7.58,15.08,No,North,No,No,No,921000
Omicron 1,762.09,12,2.87,23.52,No,North,No,No,No,31417000
Delta 2,352.52,36,4.27,20.08,No,North,No,No,No,9279000
Beta 2,202.68,18,1.71,21.72,No,East,Yes,No,No,7223000
Gamma 1,291.0,36,3.2,19.21,No,South,Yes,Yes,Yes,11000000
Beta 2,348.69,24,3.13,24.43,Yes,East,No,Yes,No,12715000
Omicron 1,415.37,60,1.84,20.3,Yes,East,Yes,Yes,No,20676000
Beta 1,162.49,24,2.03,20.64,No,South,No,No,No,5777000
Techzone IV,750.67,24,4.42,15.86,No,South,No,Yes,No,20157000
Delta 2,348.97,24,5.36,19.85,No,South,No,No,No,6764000
Zeta 1,624.06,24,4.73,18.01,No,North,Yes,No,Yes,19670000
Sector 1,76.58,30,5.45,14.75,No,North,No,No,No,1784000
Sector 3,895.85,30,7.72,10.73,No,West,Yes,No,Yes,11342000
Knowledge Park 2,178.44,18,3.34,16.12,Yes,East,Yes,No,Yes,6091000
Sector 3,82.98,30,7.69,15.32,No,East,Yes,Yes,No,1136000
Beta 1,428.22,45,1.51,22.44,No,East,No,Yes,No,17941000
Alpha 1,475.22,24,0.73,25.99,No,North,No,Yes,Yes,27564000
Omicron 2,129.53,24,3.38,20.65,No,East,No,No,Yes,5410000
Omicron 1,800.07,60,1.81,25.44,No,South,Yes,No,No,40571000
Ecotech 1,87.93,45,8.5,12.02,No,East,No,Yes,No,1204000
Knowledge Park 1,343.3,18,1.74,21.59,No,South,Yes,Yes,No,14056000
Sector 3,153.42,24,5.77,11.53,No,East,Yes,No,No,2743000
Omicron 2,236.86,24,3.46,21.07,No,East,Yes,No,Yes,8258000
Ecotech 1,127.2,24,8.1,13.09,No,East,Yes,No,Yes,1597000
Delta 2,726.51,24,5.65,20.29,No,North,No,No,No,14268000
Zeta 1,614.51,24,4.43,18.97,No,West,Yes,No,Yes,16533000
Alpha 2,462.47,24,1.27,22.65,Yes,East,Yes,Yes,No,25289000
Knowledge Park 2,739.44,12,3.71,17.38,No,North,No,No,No,24410000
Delta 1,261.72,36,3.98,19.47,No,East,Yes,Yes,No,9028000
Gamma 2,219.4,30,3.44,19.73,No,West,Yes,No,Yes,7302000
Knowledge Park 2,382.75,18,2.84,17.76,No,North,Yes,No,No,14352000
Knowledge Park 1,936.66,18,3.19,20.61,No,South,Yes,Yes,No,39523000
Zeta 1,74.95,18,2.61,17.49,No,East,Yes,No,No,2796000
Ecotech 1,116.1,36,5.99,13.24,Yes,East,Yes,Yes,Yes,2613000
Knowledge Park 1,262.25,30,2.7,18.07,No,South,No,No,No,10427000
Sector 1,257.37,18,5.42,16.0,No,West,No,No,No,4037000
Omicron 1,155.86,18,1.8,20.12,No,North,Yes,No,No,7845000
Zeta 2,787.01,12,5.16,14.95,No,East,Yes,Yes,No,20526000
Delta 2,194.29,18,5.16,16.39,No,North,No,Yes,No,4815000
Gamma 2,390.09,24,4.03,22.48,No,North,No,Yes,Yes,11839000
Gamma 1,109.27,30,2.98,20.93,Yes,North,Yes,Yes,No,5229000
Gamma 1,397.32,12,2.37,21.36,No,West,Yes,Yes,No,12960000
Alpha 1,285.43,24,0.52,22.05,No,West,Yes,No,Yes,13712000
Beta 1,132.66,24,1.87,24.81,No,East,Yes,Yes,No,6706000
Gamma 1,212.95,30,2.18,20.84,Yes,North,No,No,No,8246000
Omicron 1,305.86,45,1.19,22.81,No,East,Yes,Yes,Yes,16717000
Gamma 2,257.95,24,2.82,18.07,No,East,Yes,Yes,No,9690000
Omicron 2,60.01,24,1.63,22.49,No,East,Yes,No,Yes,2348000
Knowledge Park 2,468.55,60,3.41,17.98,No,East,No,No,Yes,18778000
Omicron 1,116.11,30,2.81,20.84,Yes,South,No,No,No,4665000
Omicron 2,769.73,36,1.78,21.09,No,East,No,No,Yes,31272000
Beta 1,199.45,12,1.74,22.79,No,East,No,Yes,Yes,9234000
Delta 2,170.27,60,5.69,17.29,No,West,No,No,Yes,4038000
Gamma 2,242.39,24,4.49,18.05,No,North,No,No,Yes,8299000
Sector 3,777.27,18,7.2,15.23,Yes,North,No,Yes,No,9106000
Knowledge Park 1,336.69,24,2.71,19.57,Yes,East,Yes,No,No,13768000
Sector 3,777.54,80,5.99,12.89,Yes,East,Yes,Yes,No,19011000
Sector 1,128.87,24,6.36,17.28,No,North,Yes,Yes,No,2484000
Delta 1,97.42,24,3.13,21.32,Yes,East,Yes,No,Yes,3152000
Omicron 1,142.98,30,2.71,21.45,No,North,No,No,No,6072000
Zeta 1,756.22,24,2.76,16.4,No,West,Yes,Yes,No,30023000
Beta 1,296.39,80,1.7,25.53,No,North,No,Yes,No,15590000
Beta 1,88.56,24,2.38,22.06,No,West,No,No,Yes,3086000
Knowledge Park 1,911.11,18,2.93,20.13,No,North,Yes,No,No,29886000
Knowledge Park 2,623.73,30,3.23,16.28,No,West,No,Yes,Yes,23590000
Gamma 2,696.13,45,4.5,18.82,Yes,South,Yes,Yes,Yes,24606000
Zeta 1,79.34,30,3.5,15.95,No,West,No,Yes,No,2404000
Pari Chowk,594.69,12,1.25,29.91,No,East,Yes,Yes,Yes,34999000
Alpha 2,287.5,24,2.14,26.41,No,East,Yes,No,No,10999000
Sector 3,362.56,36,5.12,11.16,No,West,No,No,Yes,7276000
Beta 2,697.81,45,1.95,20.95,No,East,No,Yes,Yes,33898000
Techzone IV,460.85,36,4.41,11.66,Yes,East,Yes,Yes,No,16743000
Zeta 1,288.4,18,2.99,15.1,No,East,Yes,Yes,No,9580000
Pari Chowk,839.57,24,0.86,29.11,No,West,No,No,No,42799000
Knowledge Park 2,160.09,30,3.95,16.42,No,East,No,Yes,Yes,5004000
Knowledge Park 1,545.54,24,3.04,18.29,No,North,Yes,No,No,21674000
Alpha 1,741.54,30,1.64,26.28,No,East,No,Yes,No,36470000
Omicron 1,564.61,18,1.13,23.57,No,North,No,No,Yes,24297000
Omicron 1,82.23,30,2.22,23.36,No,East,Yes,No,Yes,3908000
Zeta 1,828.1,18,2.82,16.79,No,South,Yes,Yes,Yes,35979000
Delta 1,184.82,24,3.13,21.69,No,West,No,Yes,No,5939000
Gamma 2,415.38,24,3.44,20.05,No,West,No,No,Yes,12286000
Knowledge Park 1,830.6,24,2.62,22.17,No,West,No,No,Yes,27014000
Techzone IV,108.76,30,5.65,14.81,Yes,North,Yes,Yes,No,3374000
Zeta 2,780.48,80,3.61,19.05,No,North,Yes,No,Yes,36973000
Sector 1,598.51,24,5.6,16.87,No,East,No,No,Yes,13360000
Sector 3,534.43,24,7.46,11.52,Yes,North,Yes,No,Yes,8520000
Omicron 1,726.17,30,1.59,21.53,No,North,Yes,No,Yes,35662000
Zeta 2,836.83,36,5.42,19.34,No,East,Yes,Yes,No,25788000
Gamma 1,438.79,30,3.35,21.19,No,North,Yes,No,Yes,14398000
Alpha 1,376.76,24,1.03,27.87,No,West,Yes,Yes,Yes,17556000
Gamma 1,178.77,36,3.46,20.08,No,East,No,Yes,Yes,6616000
Sector 1,392.86,30,4.5,19.37,No,North,Yes,No,No,10543000
Sector 2,574.14,12,4.53,12.13,Yes,North,Yes,Yes,No,13449000
Sector 1,366.33,18,5.5,18.77,No,North,Yes,No,Yes,8032000
